,Title,Year,Rated,Released,Runtime,Genre,Director,Writer,Actors,Plot,Language,Country,Awards,Poster,Ratings,Metascore,imdbRating,imdbVotes,imdbID,Type,totalSeasons,Response
0,Hunter x Hunter,2011–2014,TV-14,17 Apr 2016,24 min,"Animation, Action, Adventure",N/A,Yoshihiro Togashi,"Issei Futamata, Megumi Han, Cristina Valenzuela","Gon Freecss aspires to become a Hunter, an exceptional being capable of greatness. With his friends and his potential, he seeks out his father, who left him when he was younger.",Japanese,Japan,2 wins & 1 nomination total,https://m.media-amazon.com/images/M/MV5BYzYxOTlkYzctNGY2MC00MjNjLWIxOWMtY2QwYjcxZWIwMmEwXkEyXkFqcGc@._V1_SX300.jpg,"[{'Source': 'Internet Movie Database', 'Value': '9.0/10'}]",N/A,9.0,"178,768",tt2098220,series,1,True
1,The 100,2014–2020,TV-14,19 Mar 2014,43 min,"Action, Drama, Sci-Fi",N/A,Jason Rothenberg,"Eliza Taylor, Bob Morley, Marie Avgeropoulos","Set 97 years after a nuclear war destroyed civilization, when a spaceship housing humanity's lone survivors sends 100 juvenile delinquents back to Earth, hoping to repopulate the planet.","English, Mandarin, French, Spanish",United States,Nominated for 1 Primetime Emmy. 10 wins & 44 nominations total,https://m.media-amazon.com/images/M/MV5BNDdmZGYwOWEtN2FkZC00Y2ExLWJkY2UtNzFlODVlNzc3MGIzXkEyXkFqcGc@._V1_SX300.jpg,"[{'Source': 'Internet Movie Database', 'Value': '7.5/10'}]",N/A,7.5,"301,381",tt2661044,series,7,True
2,Dr. Stone,2019–,TV-14,25 Aug 2019,23 min,"Animation, Action, Adventure",N/A,N/A,"Yûsuke Kobayashi, Manami Numakura, Karin Takahashi",High schooler Taiju awakens from petrification millennia after a blinding light turned humanity to stone. He finds his scientific genius friend Senku working on a plan to rebuild civilization using science.,"Japanese, English, Portuguese, Spanish, Italian, German, French",Japan,9 wins & 24 nominations total,https://m.media-amazon.com/images/M/MV5BYzZkYjM1MWMtNTY3Mi00MTMzLTlhNmQtN2ExZjFkYzdjZmFjXkEyXkFqcGc@._V1_SX300.jpg,"[{'Source': 'Internet Movie Database', 'Value': '8.1/10'}]",N/A,8.1,"41,263",tt9679542,series,4,True
3,Haikyu!! The Dumpster Battle,2024,PG-13,31 May 2024,85 min,"Animation, Comedy, Drama","Susumu Mitsunaka, Jonathan Rigg","Haruichi Furudate, Susumu Mitsunaka","Ayumu Murase, Kaito Ishikawa, Yûki Kaji","Despite a strong field, the Karasuno High volleyball team advances past the preliminary round of the Harutaka tournament in Miyagi prefecture to reach the third round.",Japanese,Japan,3 nominations total,https://m.media-amazon.com/images/M/MV5BZWFiNmRkY2MtN2ViZC00MzhhLWI0YWYtNzVlZWFmZDI3ZjE3XkEyXkFqcGc@._V1_SX300.jpg,"[{'Source': 'Internet Movie Database', 'Value': '7.7/10'}, {'Source': 'Rotten Tomatoes', 'Value': '76%'}, {'Source': 'Metacritic', 'Value': '67/100'}]",67,7.7,"6,882",tt30476486,movie,,True
4,Sofia the First,2012–2018,TV-Y,18 Nov 2012,22 min,"Animation, Adventure, Comedy",N/A,Craig Gerber,"Ariel Winter, LC Powell, Darcy Rose Byrnes",Sofia is a little girl with a commoner's background until her mom marries the king and suddenly she is royalty.,English,"United States, South Korea",Nominated for 2 Primetime Emmys. 12 wins & 24 nominations total,https://m.media-amazon.com/images/M/MV5BMjQ2NjI5MDk0Nl5BMl5BanBnXkFtZTgwOTk5MjE0MDE@._V1_SX300.jpg,"[{'Source': 'Internet Movie Database', 'Value': '6.9/10'}]",N/A,6.9,"4,576",tt2136138,series,4,True
5,The Amazing World of Gumball,2011–2019,TV-Y7-FV,03 May 2011,11 min,"Animation, Short, Adventure",N/A,Ben Bocquelet,"Dan Russell, Teresa Gallagher, Kerry Shale",The life of a twelve-year-old boy who happens to be a blue cat as he lives with his family and other strange creatures.,English,"United Kingdom, Ireland, Germany, United States",Won 3 BAFTA 17 wins & 23 nominations total,https://m.media-amazon.com/images/M/MV5BNmEwYzNhODgtZDc2Yi00MDAyLTliNWYtMDRkMThmMWE0NGNkXkEyXkFqcGc@._V1_SX300.jpg,"[{'Source': 'Internet Movie Database', 'Value': '8.4/10'}]",N/A,8.4,"52,903",tt1942683,series,6,True
6,Incredibles 2,2018,PG,15 Jun 2018,118 min,"Animation, Action, Adventure",Brad Bird,Brad Bird,"Craig T. Nelson, Holly Hunter, Sarah Vowell",The Incredibles family takes on a new mission which involves a change in family roles: Bob Parr (Mr. Incredible) must manage the house while his wife Helen (Elastigirl) goes out to save the world.,English,"United States, Japan",Nominated for 1 Oscar. 14 wins & 81 nominations total,https://m.media-amazon.com/images/M/MV5BMTEzNzY0OTg0NTdeQTJeQWpwZ15BbWU4MDU3OTg3MjUz._V1_SX300.jpg,"[{'Source': 'Internet Movie Database', 'Value': '7.5/10'}, {'Source': 'Rotten Tomatoes', 'Value': '93%'}, {'Source': 'Metacritic', 'Value': '80/100'}]",80,7.5,"366,471",tt3606756,movie,,True
7,The Queen's Gambit,2020,TV-MA,23 Oct 2020,395 min,Drama,N/A,"Scott Frank, Allan Scott","Anya Taylor-Joy, Chloe Pirrie, Bill Camp","Orphaned at the tender age of nine, prodigious introvert Beth Harmon discovers and masters the game of chess in 1960s USA. But child stardom comes at a price.","English, French, Spanish, Russian",United States,Won 11 Primetime Emmys. 55 wins & 44 nominations total,"https://m.media-amazon.com/images/M/MV5BMmRlNjQxNWQtMjk1OS00N2QxLTk0YWQtMzRhYjY5YTFhNjMxXkEyXkFqcGc@._V1_QL75_UX380_CR0,0,380,562_.jpg","[{'Source': 'Internet Movie Database', 'Value': '8.5/10'}]",N/A,8.5,"660,375",tt10048342,series,1,True
8,Wednesday,2022–,TV-14,23 Nov 2022,N/A,"Comedy, Crime, Fantasy",N/A,"Alfred Gough, Miles Millar","Jenna Ortega, Emma Myers, Hunter Doohan","Follows Wednesday Addams' years as a student, when she attempts to master her emerging psychic ability, thwart a killing spree, and solve the mystery that embroiled her parents.",English,United States,Won 4 Primetime Emmys. 23 wins & 78 nominations total,https://m.media-amazon.com/images/M/MV5BMDE1NjNmZjgtZTg0OC00NjkxLWEzYzItMDNkMTc3YjgxZWQyXkEyXkFqcGc@._V1_SX300.jpg,"[{'Source': 'Internet Movie Database', 'Value': '8.0/10'}]",N/A,8.0,"489,715",tt13443470,series,3,True
9,Demon Slayer: Kimetsu no Yaiba,2019–2024,TV-MA,22 Jan 2021,25 min,"Animation, Action, Adventure",N/A,Koyoharu Gotouge,"Natsuki Hanae, Zach Aguilar, Abby Trott","A family is attacked by demons and only two members survive - Tanjiro and his sister Nezuko, who is turning into a demon slowly. Tanjiro sets out to become a demon slayer to avenge his family and cure his sister.","Japanese, English",Japan,29 wins & 55 nominations total,"https://m.media-amazon.com/images/M/MV5BMWU1OGEwNmQtNGM3MS00YTYyLThmYmMtN2FjYzQzNzNmNTE0XkEyXkFqcGc@._V1_QL75_UX380_CR0,4,380,562_.jpg","[{'Source': 'Internet Movie Database', 'Value': '8.6/10'}]",N/A,8.6,"226,593",tt9335498,series,4,True
10,Teen Titans,2003–2006,TV-Y7-FV,19 Jul 2003,23 min,"Animation, Action, Adventure",N/A,"David Slack, Bob Haney, Bruno Premiani","Hynden Walch, Greg Cipes, Scott Menville",A team of five teenaged superheroes save the world from many villains around their city while experiencing things normal teens face.,"English, Spanish, French","United States, South Korea",4 nominations total,https://m.media-amazon.com/images/M/MV5BOTg3NzY2MDQtMjUxNS00N2Q3LTkxODktMmU1NzdjZTNkMzQ0XkEyXkFqcGc@._V1_SX300.jpg,"[{'Source': 'Internet Movie Database', 'Value': '7.9/10'}]",N/A,7.9,"42,742",tt0343314,series,5,True
11,Teen Titans Go!,2013–,TV-PG,23 Apr 2013,10 min,"Animation, Short, Action",N/A,"Michael Jelenic, Aaron Horvath","Greg Cipes, Scott Menville, Khary Payton","Superhero roommates Robin, Cyborg, Starfire, Raven and Beast Boy love saving the day, but what happens when they're done fighting crime?",English,United States,Nominated for 3 Primetime Emmys. 4 wins & 23 nominations total,https://m.media-amazon.com/images/M/MV5BMjE5MjMzOTc1Ml5BMl5BanBnXkFtZTcwNDQxMDY5OQ@@._V1_SX300.jpg,"[{'Source': 'Internet Movie Database', 'Value': '5.8/10'}]",N/A,5.8,"29,019",tt2771780,series,9,True
12,Steins;Gate,2011–2015,TV-14,06 Apr 2011,24 min,"Animation, Comedy, Drama",N/A,N/A,"Mamoru Miyano, Asami Imai, Kana Hanazawa","After discovering time travel, a university student and his colleagues must use their knowledge of it to stop an evil organization and their diabolical plans.","Japanese, English",Japan,1 nomination total,https://m.media-amazon.com/images/M/MV5BZjI1YjZiMDUtZTI3MC00YTA5LWIzMmMtZmQ0NTZiYWM4NTYwXkEyXkFqcGc@._V1_SX300.jpg,"[{'Source': 'Internet Movie Database', 'Value': '8.8/10'}]",N/A,8.8,"87,043",tt1910272,series,1,True
13,My Little Pony: Friendship Is Magic,2010–2019,TV-Y,10 Oct 2010,22 min,"Animation, Adventure, Comedy",N/A,Lauren Faust,"Ashleigh Ball, Tabitha St. Germain, Tara Strong","After learning that her friends, as well as herself, are the magical Elements of Harmony, studious unicorn Twilight Sparkle is sent by her mentor, Princess Celestia, to Ponyville to study the magic of friendship with help from her...",English,"United States, Canada, Philippines",21 wins & 48 nominations total,https://m.media-amazon.com/images/M/MV5BZjhkNzBmMDAtMTBiNy00NGIxLThlN2EtMTJlZDEzZjIzYWUyXkEyXkFqcGc@._V1_SX300.jpg,"[{'Source': 'Internet Movie Database', 'Value': '7.8/10'}]",N/A,7.8,"25,120",tt1751105,series,9,True
14,Arcane,2021–2024,TV-14,06 Nov 2021,N/A,"Animation, Action, Adventure",N/A,N/A,"Kevin Alejandro, Hailee Steinfeld, Ella Purnell","Amid the stark discord of twin cities Piltover and Zaun, two sisters fight on rival sides of a war between magic technologies and clashing convictions.","English, French","United States, France",Won 8 Primetime Emmys. 41 wins & 13 nominations total,"https://m.media-amazon.com/images/M/MV5BYjA2NzhlMDItNWRmZC00MzRjLWE3ZjAtZjBlZDAwOWY2ODdjXkEyXkFqcGc@._V1_QL75_UX380_CR0,0,380,562_.jpg","[{'Source': 'Internet Movie Database', 'Value': '9.0/10'}]",N/A,9.0,"441,347",tt11126994,series,2,True
15,The Loud House,2015–,TV-Y7,02 May 2016,17S min,"Animation, Short, Action",N/A,"Chris Savino, Michael Rubiner","Grey DeLisle, Jessica DiCicco, Lara Jill Miller","Lincoln Loud is an eleven-year-old boy who lives with ten sisters. With the help of his right-hand man Clyde, Lincoln finds new ways to survive in such a large family every day.",English,United States,6 wins & 35 nominations total,https://m.media-amazon.com/images/M/MV5BZjlkMmQ5YzItZGRmMy00NjVjLWIwYmMtMzJjM2QxM2Q1OThkXkEyXkFqcGc@._V1_SX300.jpg,"[{'Source': 'Internet Movie Database', 'Value': '6.9/10'}]",N/A,6.9,"10,186",tt4859164,series,11,True
16,Kaguya-sama: Love is War,2019–2023,TV-14,12 Jan 2019,24 min,"Animation, Comedy, Drama",N/A,N/A,"Aaron Dismuke, Aoi Koga, Makoto Furukawa",The proudly privileged top two students of an elite school each makes it their mission to be the first to extract a confession of love from the other.,"Japanese, English",Japan,26 wins & 47 nominations total,https://m.media-amazon.com/images/M/MV5BMTM1ZWViNWMtZWY2ZC00YmYyLTk1ZGEtMzRjOWI2YTM1OTI3XkEyXkFqcGc@._V1_SX300.jpg,"[{'Source': 'Internet Movie Database', 'Value': '8.5/10'}]",N/A,8.5,"27,178",tt9522300,series,4,True
17,The Addams Family,1991,PG-13,22 Nov 1991,99 min,"Comedy, Fantasy",Barry Sonnenfeld,"Charles Addams, Caroline Thompson, Larry Wilson","Anjelica Huston, Raul Julia, Christopher Lloyd",Con artists plan to fleece an eccentric family using an accomplice who claims to be their long-lost uncle.,"English, Italian, French",United States,Nominated for 1 Oscar. 5 wins & 23 nominations total,https://m.media-amazon.com/images/M/MV5BZWY0MzVlNGEtYzM1MC00OTI4LWE3ZTQtNWJjYzk2Y2MyNjVkXkEyXkFqcGc@._V1_SX300.jpg,"[{'Source': 'Internet Movie Database', 'Value': '7.0/10'}, {'Source': 'Rotten Tomatoes', 'Value': '67%'}, {'Source': 'Metacritic', 'Value': '57/100'}]",57,7.0,"198,886",tt0101272,movie,,True
18,Haikyu!!,2014–2020,TV-14,05 Apr 2014,1 min,"Animation, Comedy, Drama",N/A,Haruichi Furudate,"Ayumu Murase, Kaito Ishikawa, Yu Hayashi","Determined to be like the volleyball championship's star player nicknamed ""the small giant"", Shoyo joins his school's volleyball club.","Japanese, English","Japan, Poland",10 wins & 20 nominations total,https://m.media-amazon.com/images/M/MV5BYjYxMWFlYTAtYTk0YS00NTMxLWJjNTQtM2E0NjdhYTRhNzE4XkEyXkFqcGc@._V1_SX300.jpg,"[{'Source': 'Internet Movie Database', 'Value': '8.7/10'}]",N/A,8.7,"51,744",tt3398540,series,4,True
19,Teen Titans Go! Vs. Teen Titans,2019,Not Rated,24 Sep 2019,77 min,"Animation, Action, Adventure, Comedy, Family, Fantasy, Sci-Fi",Jeff Mednikow,"Jeremy Adams, Marly Halpern-Graser","Greg Cipes, Rhys Darby, Grey Griffin, Sean Maher",The comedic Teen Titans of Teen Titans Go. Take on their serious counterparts when villains from each of their worlds team up to pit the two Titan teams against each other.,English,USA,N/A,https://m.media-amazon.com/images/M/MV5BMGUzZGE1NzEtM2Y5Ni00MmY0LTlkZGQtNGMyZjY0ZmI0OWUwXkEyXkFqcGdeQXVyNjQ4NjY2MzE@._V1_SX300.jpg,"[{'Source': 'Internet Movie Database', 'Value': '6.9/10'}, {'Source': 'Rotten Tomatoes', 'Value': '100%'}]",N/A,6.9,"2,847",tt10548944,movie,,True
20,Teen Titans GO! To the Movies,2018,PG,27 Jul 2018,84 min,"Animation, Action, Adventure","Aaron Horvath, Peter Rida Michail","Michael Jelenic, Aaron Horvath, Jerry Siegel","Greg Cipes, Scott Menville, Khary Payton",A villain's maniacal plan for world domination gets in the way of the Teen Titans' dream of superhero stardom in Hollywood.,English,United States,9 nominations total,https://m.media-amazon.com/images/M/MV5BNTU5YjQxNzAtNzkxNC00MGVjLWFhMjgtMjg2ZDUyM2Q5YzdhXkEyXkFqcGc@._V1_SX300.jpg,"[{'Source': 'Internet Movie Database', 'Value': '6.7/10'}, {'Source': 'Rotten Tomatoes', 'Value': '92%'}, {'Source': 'Metacritic', 'Value': '69/100'}]",69,6.7,"23,036",tt7424200,movie,,True
21,Teen Titans Go! See Space Jam,2021,Not Rated,13 Aug 2021,83 min,"Animation, Action, Adventure",Peter Rida Michail,"Brady Klosterman, Arnold Drake, Marv Wolfman","Greg Cipes, Scott Menville, Khary Payton","The Teen Titans are visited by the Nerdlucks, the iconic Space Jam (1996) villains. Astonished to discover his fellow Titans have never seen the movie, Cyborg organizes an exclusive watch party.",English,United States,N/A,https://m.media-amazon.com/images/M/MV5BNTA2MTQyNjktZWY2ZS00MWI4LWI4MzUtN2I4ZGU1OTk4ZjNmXkEyXkFqcGc@._V1_SX300.jpg,"[{'Source': 'Internet Movie Database', 'Value': '4.5/10'}]",N/A,4.5,"1,493",tt14851194,movie,,True
22,Teen Titans Go! & DC Super Hero Girls: Mayhem in the Multiverse,2022,TV-PG,24 May 2022,79 min,"Animation, Action, Adventure","Matt Peters, Katie Rice",Jase Ricci,"Kimberly Brooks, Greg Cipes, Keith Ferguson",Teen Titans and DC Super Hero Girls will reunite to combat Lex Luthor and his unified gang of DC Super-Villains.,English,United States,1 nomination,https://m.media-amazon.com/images/M/MV5BZmQxNTBjMWMtNjAxZi00MDE4LThkOTMtMjExNDA2YmM2OWExXkEyXkFqcGdeQXVyMTk2OTAzNTI@._V1_SX300.jpg,"[{'Source': 'Internet Movie Database', 'Value': '5.3/10'}]",N/A,5.3,720,tt18250460,movie,,True
23,Steins;Gate 0,2018,TV-14,11 Apr 2018,30 min,"Animation, Drama, Mystery",N/A,N/A,"Mamoru Miyano, J. Michael Tatum, Kana Hanazawa",Mad scientist Okabe struggles to recover from past failure and tests a new artificial intelligence,Japanese,Japan,6 wins & 8 nominations total,https://m.media-amazon.com/images/M/MV5BNTgzZWY0YmEtNTNlMy00YzU1LWI4NTUtYzBlNzQ0ODkzNzAwXkEyXkFqcGc@._V1_SX300.jpg,"[{'Source': 'Internet Movie Database', 'Value': '8.4/10'}]",N/A,8.4,"14,488",tt5514358,series,1,True
24,The Wonderfully Weird World of Gumball,2025–,TV-PG,28 Jul 2025,N/A,"Animation, Short, Adventure",N/A,Ben Bocquelet,"Alkaio Thiele, Hero Hunter, Teresa Gallagher","In Elmore, reality bends and family life gets weird. Gumball pulls Darwin, Anais, and the whole town into adventures - from fighting evil fast food to dealing with an AI crushing on his mom. The show's so wild, it needed a new name.",English,"United Kingdom, France, United States, Germany",1 win & 1 nomination total,https://m.media-amazon.com/images/M/MV5BNGQwMThiODYtOTg5ZC00ZWQ3LWJlMmUtOWZjNjBhN2UxN2Q4XkEyXkFqcGc@._V1_SX300.jpg,"[{'Source': 'Internet Movie Database', 'Value': '8.5/10'}]",N/A,8.5,"4,038",tt36985473,series,2,True
25,It,2017,R,08 Sep 2017,135 min,Horror,Andy Muschietti,"Chase Palmer, Cary Joji Fukunaga, Gary Dauberman","Bill Skarsgård, Jaeden Martell, Finn Wolfhard","In the summer of 1989, a group of bullied kids band together to destroy a shape-shifting monster, which disguises itself as a clown and preys on the children of Derry, their small Maine town.","English, Hebrew",United States,12 wins & 49 nominations total,"https://m.media-amazon.com/images/M/MV5BZGZmOTZjNzUtOTE4OS00OGM3LWJiNGEtZjk4Yzg2M2Q1YzYxXkEyXkFqcGc@._V1_QL75_UX380_CR0,4,380,562_.jpg","[{'Source': 'Internet Movie Database', 'Value': '7.3/10'}, {'Source': 'Rotten Tomatoes', 'Value': '85%'}, {'Source': 'Metacritic', 'Value': '69/100'}]",69,7.3,"694,027",tt1396484,movie,,True
26,Wicked: For Good,2025,PG,21 Nov 2025,137 min,"Drama, Family, Fantasy",Jon M. Chu,"Winnie Holzman, Dana Fox, Stephen Schwartz","Cynthia Erivo, Ariana Grande, Jeff Goldblum","Elphaba, the future Wicked Witch of the West and her relationship with Glinda, the Good Witch of the North. The second of a two-part feature film adaptation of the Broadway musical.",English,"United States, Canada, Australia",Nominated for 2 BAFTA Awards. 27 wins & 143 nominations total,"https://m.media-amazon.com/images/M/MV5BNzRhNTE4ZTYtNTM0Mi00MzU3LTk4MTktYWE3MzQ2NTU0MDNlXkEyXkFqcGc@._V1_QL75_UX380_CR0,20,380,562_.jpg","[{'Source': 'Internet Movie Database', 'Value': '6.6/10'}, {'Source': 'Rotten Tomatoes', 'Value': '66%'}, {'Source': 'Metacritic', 'Value': '58/100'}]",58,6.6,"64,326",tt19847976,movie,,True
27,Maleficent,2014,PG,30 May 2014,97 min,"Adventure, Drama, Family",Robert Stromberg,"Linda Woolverton, Charles Perrault, Milt Banta","Angelina Jolie, Elle Fanning, Sharlto Copley","A vengeful fairy is driven to curse an infant princess, only to discover that the child could be the one person who can restore peace to their troubled land.",English,"United States, Canada, United Kingdom",Nominated for 1 Oscar. 12 wins & 44 nominations total,https://m.media-amazon.com/images/M/MV5BMjAwMzAzMzExOF5BMl5BanBnXkFtZTgwOTcwMDA5MTE@._V1_SX300.jpg,"[{'Source': 'Internet Movie Database', 'Value': '6.9/10'}, {'Source': 'Rotten Tomatoes', 'Value': '54%'}, {'Source': 'Metacritic', 'Value': '56/100'}]",56,6.9,"420,347",tt1587310,movie,,True
28,WandaVision,2021,TV-PG,15 Jan 2021,350 min,"Action, Comedy, Drama",N/A,Jac Schaeffer,"Elizabeth Olsen, Paul Bettany, Kathryn Hahn","Blends the style of classic sitcoms with the MCU, in which Wanda Maximoff and Vision - two super-powered beings living their ideal suburban lives - begin to suspect that everything is not as it seems.",English,United States,Won 3 Primetime Emmys. 33 wins & 97 nominations total,"https://m.media-amazon.com/images/M/MV5BZTMxMmM1ODItMTZiMS00NjI1LWEwODctMjQ4ZjY4ODliNDI0XkEyXkFqcGc@._V1_QL75_UX380_CR0,4,380,562_.jpg","[{'Source': 'Internet Movie Database', 'Value': '7.9/10'}]",N/A,7.9,"414,781",tt9140560,series,1,True
29,The Little Mermaid,1989,G,17 Nov 1989,83 min,"Animation, Adventure, Family","Ron Clements, John Musker","John Musker, Ron Clements, Hans Christian Andersen","Jodi Benson, Samuel E. Wright, Rene Auberjonois",A mermaid princess makes a Faustian bargain in an attempt to become human and win a prince's love.,"English, French",United States,Won 2 Oscars. 16 wins & 9 nominations total,https://m.media-amazon.com/images/M/MV5BNmQ3ODcyZGMtMjNlOS00YzhlLTg0YzAtZGVjNmQ0OTYyNDg0XkEyXkFqcGc@._V1_SX300.jpg,"[{'Source': 'Internet Movie Database', 'Value': '7.6/10'}, {'Source': 'Rotten Tomatoes', 'Value': '92%'}, {'Source': 'Metacritic', 'Value': '88/100'}]",88,7.6,"309,826",tt0097757,movie,,True
30,Brave,2012,PG,22 Jun 2012,93 min,"Animation, Action, Adventure","Mark Andrews, Brenda Chapman, Steve Purcell","Mark Andrews, Steve Purcell, Brenda Chapman","Kelly Macdonald, Billy Connolly, Emma Thompson","Determined to make her own path in life, Princess Merida defies a custom that brings chaos to her kingdom. Granted one wish, Merida must rely on her bravery and her archery skills to undo a beastly curse.",English,"United States, Japan, United Kingdom",Won 1 Oscar. 20 wins & 48 nominations total,https://m.media-amazon.com/images/M/MV5BMzgwODk3ODA1NF5BMl5BanBnXkFtZTcwNjU3NjQ0Nw@@._V1_SX300.jpg,"[{'Source': 'Internet Movie Database', 'Value': '7.1/10'}, {'Source': 'Rotten Tomatoes', 'Value': '78%'}, {'Source': 'Metacritic', 'Value': '69/100'}]",69,7.1,"475,578",tt1217209,movie,,True
31,Frozen,2013,PG,27 Nov 2013,102 min,"Animation, Adventure, Comedy","Chris Buck, Jennifer Lee","Jennifer Lee, Hans Christian Andersen, Chris Buck","Kristen Bell, Idina Menzel, Jonathan Groff","Fearless optimist Anna teams up with rugged mountain man Kristoff and his loyal reindeer Sven in an epic journey to find Anna's sister Elsa, whose icy powers have trapped the kingdom of Arendelle in eternal winter.",English,United States,Won 2 Oscars. 83 wins & 60 nominations total,https://m.media-amazon.com/images/M/MV5BMTQ1MjQwMTE5OF5BMl5BanBnXkFtZTgwNjk3MTcyMDE@._V1_SX300.jpg,"[{'Source': 'Internet Movie Database', 'Value': '7.4/10'}, {'Source': 'Rotten Tomatoes', 'Value': '89%'}, {'Source': 'Metacritic', 'Value': '75/100'}]",75,7.4,"708,011",tt2294629,movie,,True
32,Spider-Man: No Way Home,2021,PG-13,17 Dec 2021,148 min,"Action, Adventure, Fantasy",Jon Watts,"Chris McKenna, Erik Sommers, Stan Lee","Tom Holland, Zendaya, Benedict Cumberbatch","With Spider-Man's identity now revealed, Peter asks Doctor Strange for help. When a spell goes wrong, dangerous foes from other worlds start to appear.","English, Tagalog",United States,Nominated for 1 Oscar. 35 wins & 72 nominations total,"https://m.media-amazon.com/images/M/MV5BMmFiZGZjMmEtMTA0Ni00MzA2LTljMTYtZGI2MGJmZWYzZTQ2XkEyXkFqcGc@._V1_QL75_UX380_CR0,4,380,562_.jpg","[{'Source': 'Internet Movie Database', 'Value': '8.1/10'}, {'Source': 'Rotten Tomatoes', 'Value': '93%'}, {'Source': 'Metacritic', 'Value': '71/100'}]",71,8.1,"1,017,543",tt10872600,movie,,True
33,Maleficent: Mistress of Evil,2019,PG,18 Oct 2019,119 min,"Adventure, Drama, Family",Joachim Rønning,"Linda Woolverton, Noah Harpster, Micah Fitzerman-Blue","Angelina Jolie, Elle Fanning, Harris Dickinson","Maleficent and her goddaughter Aurora begin to question the complex family ties that bind them as they are pulled in different directions by impending nuptials, unexpected allies, and dark new forces at play.",English,"United Kingdom, Canada, United States, France",Nominated for 1 Oscar. 1 win & 11 nominations total,https://m.media-amazon.com/images/M/MV5BNTY4YjYwYzMtYTg1NC00ZmJiLTk0OTYtMWMzM2Y4Yzc5MDc2XkEyXkFqcGc@._V1_SX300.jpg,"[{'Source': 'Internet Movie Database', 'Value': '6.6/10'}, {'Source': 'Rotten Tomatoes', 'Value': '40%'}, {'Source': 'Metacritic', 'Value': '43/100'}]",43,6.6,"130,828",tt4777008,movie,,True
34,The Little Mermaid: Attack of the Pirates,2015,N/A,31 Jul 2015,77 min,"Animation, Adventure, Family",Qiu Haoqiang,Roger Chan,"Betty Goldstein, Yawei Guo, Riley Jackson","A kind-hearted mermaid, braving the Sea-God's warning to steer clear, saves a captain's daughter from the stormy ocean. But when the captain needs her help again, the mermaid must face a hard choice.","Mandarin, English","China, United States",N/A,https://m.media-amazon.com/images/M/MV5BMDA3YTJmMGEtODJlMi00OTQ1LWI0NTMtYzUyZTM4MGQ4MmZlXkEyXkFqcGc@._V1_SX300.jpg,"[{'Source': 'Internet Movie Database', 'Value': '3.2/10'}]",N/A,3.2,135,tt4885916,movie,,True
35,Howl's Moving Castle,2004,PG,17 Jun 2005,119 min,"Animation, Adventure, Family",Hayao Miyazaki,"Diana Wynne Jones, Hayao Miyazaki","Chieko Baishô, Takuya Kimura, Tatsuya Gashûin","When an unconfident young woman is cursed with an old body by a spiteful witch, her only chance of breaking the spell lies with a self-indulgent yet insecure young wizard and his companions in his legged, walking castle.",Japanese,"Japan, United States",Nominated for 1 Oscar. 14 wins & 20 nominations total,https://m.media-amazon.com/images/M/MV5BMTY1OTg0MjE3MV5BMl5BanBnXkFtZTcwNTUxMTkyMQ@@._V1_SX300.jpg,"[{'Source': 'Internet Movie Database', 'Value': '8.2/10'}, {'Source': 'Rotten Tomatoes', 'Value': '88%'}, {'Source': 'Metacritic', 'Value': '82/100'}]",82,8.2,"507,343",tt0347149,movie,,True
36,Moon le panda,2025,N/A,09 Apr 2025,100 min,"Adventure, Comedy, Family",Gilles de Maistre,Prune de Maistre,"Noé Liu Martane, Sylvia Chang, Ye Liu","Tian is twelve years old when he is sent to his grandmother's due to his poor school results. Far from the city, in the mysterious Chinese mountains, he secretly becomes friend with a panda he names Moon. This marks the beginning ...",English,"France, Belgium",N/A,https://m.media-amazon.com/images/M/MV5BYzdjYzliMjAtNTIxMC00YTZhLTk2M2MtZjEwMWIwYWY0YTQzXkEyXkFqcGc@._V1_SX300.jpg,"[{'Source': 'Internet Movie Database', 'Value': '5.3/10'}]",N/A,5.3,153,tt35705226,movie,,True
37,Eternity,2025,PG-13,26 Nov 2025,114 min,"Comedy, Drama, Fantasy",David Freyne,"Patrick Cunnane, David Freyne","Miles Teller, Elizabeth Olsen, Callum Turner","In an afterlife where souls have one week to decide where to spend eternity, Joan is faced with the impossible choice between the man she spent her life with and her first love, who died young and has waited decades for her to arr...",English,"United States, Canada",2 wins & 8 nominations total,"https://m.media-amazon.com/images/M/MV5BNzlmZTNiOTAtNzhlOC00ZTA1LWJhNTgtMDQ4YmY4NWIyNTA4XkEyXkFqcGc@._V1_QL75_UX380_CR0,15,380,562_.jpg","[{'Source': 'Internet Movie Database', 'Value': '6.9/10'}, {'Source': 'Rotten Tomatoes', 'Value': '77%'}, {'Source': 'Metacritic', 'Value': '58/100'}]",58,6.9,"54,993",tt24950660,movie,,True
38,The School for Good and Evil,2022,PG-13,19 Oct 2022,147 min,"Action, Comedy, Drama",Paul Feig,"David Magee, Paul Feig, Soman Chainani","Sophia Anne Caruso, Sofia Wylie, Laurence Fishburne",Best friends Sophie and Agatha find themselves on opposing sides of an epic battle when they're swept away into an enchanted school where aspiring heroes and villains are trained to protect the balance between Good and Evil.,English,United States,1 win total,https://m.media-amazon.com/images/M/MV5BMWE0MmUzYjEtNzQ4MS00MjkzLWE3YTYtYjQwNmZlZTJkODRmXkEyXkFqcGc@._V1_SX300.jpg,"[{'Source': 'Internet Movie Database', 'Value': '5.9/10'}, {'Source': 'Rotten Tomatoes', 'Value': '38%'}, {'Source': 'Metacritic', 'Value': '30/100'}]",30,5.9,"41,556",tt2935622,movie,,True
39,Once Upon a Time in Abadan,2021,N/A,01 Feb 2021,N/A,Drama,Hamid Reza Azarang,Hamid Reza Azarang,"Hirad Azarang, Amir Hossein Ebrahimi, Soheil Jamali",N/A,Persian,Iran,1 win & 5 nominations,https://m.media-amazon.com/images/M/MV5BMDY1ZDExYWItNTYyNi00NDEyLWEwNWYtODA0MzcwZDVlZjc4XkEyXkFqcGdeQXVyNzg1Nzg4Mzg@._V1_SX300.jpg,[],N/A,N/A,27,tt13933904,movie,,True
40,Alice in Wonderland,2010,PG,05 Mar 2010,108 min,"Adventure, Family, Fantasy",Tim Burton,"Linda Woolverton, Lewis Carroll","Mia Wasikowska, Johnny Depp, Helena Bonham Carter","Nineteen-year-old Alice returns to the magical world from her childhood adventure, where she reunites with her old friends and learns of her true destiny: to end the Red Queen's reign of terror.",English,"United States, Italy, Canada, Japan, United Kingdom",Won 2 Oscars. 35 wins & 65 nominations total,https://m.media-amazon.com/images/M/MV5BYjgxMTQ3NjMtOTI1Yy00Yzg4LWJlNWQtMjFkNjVlYjU0OWIyXkEyXkFqcGc@._V1_SX300.jpg,"[{'Source': 'Internet Movie Database', 'Value': '6.4/10'}, {'Source': 'Rotten Tomatoes', 'Value': '51%'}, {'Source': 'Metacritic', 'Value': '53/100'}]",53,6.4,"464,214",tt1014759,movie,,True
41,My Oxford Year,2025,PG-13,01 Aug 2025,112 min,"Comedy, Drama, Romance",Iain Morris,"Julia Whelan, Allison Burnett, Melissa Osborne","Sofia Carson, Corey Mylchreest, Dougray Scott","When Anna, an ambitious young American woman, sets out for Oxford University to fulfill a childhood dream, she has her life completely on track until she meets a charming and clever local who profoundly alters both of their lives.",English,United States,1 win & 1 nomination total,https://m.media-amazon.com/images/M/MV5BMWU0YTc0OWYtOWJjNy00ZDYzLWFlMTItMGZkNzM4YjQ5OWQzXkEyXkFqcGc@._V1_SX300.jpg,"[{'Source': 'Internet Movie Database', 'Value': '5.9/10'}, {'Source': 'Rotten Tomatoes', 'Value': '31%'}, {'Source': 'Metacritic', 'Value': '39/100'}]",39,5.9,"27,866",tt4978342,movie,,True
42,Spirited Away,2003,PG,28 Mar 2003,124 min,"Animation, Adventure, Family",Hayao Miyazaki,Hayao Miyazaki,"Miyu Irino, Rumi Hiiragi, Mari Natsuki","During her family's move to the suburbs, a sullen 10-year-old girl wanders into a world ruled by gods, witches and spirits, and where humans are changed into beasts.","Japanese, English","Japan, United States",Won 1 Oscar. 58 wins & 31 nominations total,"https://m.media-amazon.com/images/M/MV5BNTEyNmEwOWUtYzkyOC00ZTQ4LTllZmUtMjk0Y2YwOGUzYjRiXkEyXkFqcGc@._V1_QL75_UX380_CR0,0,380,562_.jpg","[{'Source': 'Internet Movie Database', 'Value': '8.6/10'}, {'Source': 'Rotten Tomatoes', 'Value': '96%'}, {'Source': 'Metacritic', 'Value': '96/100'}]",96,8.6,"964,088",tt0245429,movie,,True
43,Diary of A Wimpy Kid: The Last Straw,2025,N/A,01 Dec 2025,N/A,"Animation, Comedy, Drama",Matt Danner,Jeff Kinney,"Jimmy Tatro, Christy Carlson Romano, Jessica DiCicco","Greg Is Facing His Biggest Challenge Yet, With Another Talent Show Coming Up, Greg Has A Lot Of Things To Do Before The Talent Show And Greg Needs To Make An Impression With Holly Hills, A Cheerleader At His School, But Frank Want...",English,United States,N/A,https://m.media-amazon.com/images/M/MV5BODU3NzBmNjAtODgyMS00YzA0LWJhYzYtNmE3ZGM1ODYxMDI1XkEyXkFqcGc@._V1_SX300.jpg,[],N/A,N/A,N/A,tt37751253,movie,,True
44,Kayara,2025,Not Rated,30 Mar 2025,90 min,"Animation, Action, Adventure","Cesar Zelada, Dirk Hampel","Brian Cleveland, Jason Cleveland, Cesar Zelada","Naomi Serrano, Nate Begle, Kolbe Garza",A young Inca girl dreams of joining the all-male Chasqui messenger group. She challenges traditions and gender norms to pursue her ambition against all odds.,English,"Peru, Spain",N/A,https://m.media-amazon.com/images/M/MV5BY2YxNzg4ZmEtNTdjNy00MTQ0LTgyYTQtNDY4NTQ2YjUwNmQ2XkEyXkFqcGc@._V1_SX300.jpg,"[{'Source': 'Internet Movie Database', 'Value': '5.3/10'}]",N/A,5.3,323,tt11846550,movie,,True
45,Your Letter,2025,N/A,01 Oct 2025,96 min,"Animation, Adventure, Drama",Kim Yong-Hwan,N/A,"Nam Doh-hyeong, Kim Min-ju, Min Seung-woo","A bullied girl transfers schools hoping for peace, but her past trauma isolates her-until she discovers a series of secret letters hidden around the school, leading her on a mysterious quest to uncover their sender's true intent.",Korean,South Korea,N/A,https://m.media-amazon.com/images/M/MV5BNmY3NThiNzMtZDcyNC00MTZlLWE5NDYtMjE3ZDIzNjM4ZGFiXkEyXkFqcGc@._V1_SX300.jpg,"[{'Source': 'Internet Movie Database', 'Value': '7.3/10'}]",N/A,7.3,195,tt38266673,movie,,True
46,Cosmic Princess Kaguya!,2026,PG,22 Jan 2026,143 min,"Animation, Drama, Fantasy",Shingo Yamashita,"Saeri Natsuo, Shingo Yamashita","Yuko Natsuyoshi, Anna Nagase, Saori Hayami","17-year-old Iroha leads a busy life juggling school and part-time work. Enter Kaguya, a mysterious girl from the moon who crash-lands into her life.",Japanese,Japan,N/A,https://m.media-amazon.com/images/M/MV5BNjY1OTAwNmUtYjY3Ny00MTFjLTk5MDctZmNiNTYwZTAyOWE1XkEyXkFqcGc@._V1_SX300.jpg,"[{'Source': 'Internet Movie Database', 'Value': '7.1/10'}]",N/A,7.1,"1,479",tt38872297,movie,,True
47,Is This Thing On?,2025,R,19 Dec 2025,121 min,"Comedy, Drama",Bradley Cooper,"Bradley Cooper, Will Arnett, Mark Chappell","Will Arnett, Laura Dern, Andra Day","As their marriage unravels, Alex faces middle age and divorce, seeking new purpose in the New York comedy scene. Meanwhile, his wife Tess confronts sacrifices made for their family, forcing them to navigate co-parenting and identi...",English,United States,1 win & 3 nominations total,"https://m.media-amazon.com/images/M/MV5BZmY0N2YzMTItYmQyNi00MjdjLTk4NDYtOGU5NzhkM2RiMmEzXkEyXkFqcGc@._V1_QL75_UX380_CR0,0,380,562_.jpg","[{'Source': 'Internet Movie Database', 'Value': '6.7/10'}, {'Source': 'Rotten Tomatoes', 'Value': '87%'}, {'Source': 'Metacritic', 'Value': '72/100'}]",72,6.7,"13,269",tt28083456,movie,,True
48,Love Untangled,2025,TV-14,29 Aug 2025,118 min,"Comedy, Drama, Romance",Sun Namkoong,N/A,"Gong Myoung, Shin Eun-soo, Cha Woo-min","Follows 19-year-old Park Se-ri as she plans to straighten her perpetually frizzy hair before making a life-changing confession, all while getting entangled with transfer student Han Yun-seok.",Korean,South Korea,N/A,https://m.media-amazon.com/images/M/MV5BMGRmYmQ0N2UtZTdlMS00Y2EyLTk4MjMtZGQ2OGQ1ZTMxZjEyXkEyXkFqcGc@._V1_SX300.jpg,"[{'Source': 'Internet Movie Database', 'Value': '7.2/10'}]",N/A,7.2,"2,155",tt33549683,movie,,True
49,Kuramerukagari,2024,N/A,12 Apr 2024,61 min,"Animation, Mystery, Sci-Fi",Shigeyoshi Tsukahara,Shigeyoshi Tsukahara,"Yoshimasa Hosoya, Natsumi Kawaida, Nanako Mori","Kagari is a girl who runs a mapmaking business focused on recording an ever-changing, labyrinth-like town. Watch to see how her daily life unfolds.",Japanese,Japan,N/A,https://m.media-amazon.com/images/M/MV5BZjk3MDliNjgtNGZmNC00NWQ3LTlhNmYtZGFjMjY0Yzg0MGQxXkEyXkFqcGc@._V1_SX300.jpg,"[{'Source': 'Internet Movie Database', 'Value': '5.9/10'}]",N/A,5.9,102,tt31688642,movie,,True
50,The Life List,2025,PG-13,28 Mar 2025,123 min,"Comedy, Drama, Romance",Adam Brooks,"Adam Brooks, Lori Nelson Spielman","Sofia Carson, Kyle Allen, Sebastian De Souza","A woman revisits her childhood aspirations, endeavoring to achieve her old goals, only to discover that pursuing these lifelong dreams takes her on an unforeseen and surprising journey.",English,United States,2 wins & 1 nomination total,https://m.media-amazon.com/images/M/MV5BMjNhNzUyMTQtYTFiZS00NzM2LWI3YTgtZmI1ZTA1MDUzMzBhXkEyXkFqcGc@._V1_SX300.jpg,"[{'Source': 'Internet Movie Database', 'Value': '6.8/10'}, {'Source': 'Rotten Tomatoes', 'Value': '46%'}, {'Source': 'Metacritic', 'Value': '49/100'}]",49,6.8,"36,060",tt2172954,movie,,True
51,Night School,2018,PG-13,28 Sep 2018,111 min,Comedy,Malcolm D. Lee,"Kevin Hart, Harry Ratchford, Joey Wells","Kevin Hart, Tiffany Haddish, Rob Riggle",A group of high school dropouts is forced to attend night school in hopes that they will pass the GED exam to finish high school.,"English, Spanish, French, Arabic","United States, China",1 win & 4 nominations total,https://m.media-amazon.com/images/M/MV5BYmJjMjMwNDQtMjU3ZS00ZDY3LThmMmEtZjBkM2NiZWM4ZmQ1XkEyXkFqcGc@._V1_SX300.jpg,"[{'Source': 'Internet Movie Database', 'Value': '5.6/10'}, {'Source': 'Rotten Tomatoes', 'Value': '27%'}, {'Source': 'Metacritic', 'Value': '43/100'}]",43,5.6,"48,879",tt6781982,movie,,True
52,Please Hold,2020,TV-MA,17 Mar 2022,19 min,"Short, Comedy, Drama",K.D. Dávila,"K.D. Dávila, Omer Levin Menekse","Erick Lopez, Doreen Calderon, Daniel Edward Mora","A young man's life is suddenly and inexplicably derailed, as he finds himself at the mercy of automated ""justice.""",English,United States,Nominated for 1 Oscar. 2 wins & 4 nominations total,https://m.media-amazon.com/images/M/MV5BNWU4NzYxNTktZTg3MS00M2U3LTljMDgtOGI1NGRhNWMzZGEyXkEyXkFqcGc@._V1_SX300.jpg,"[{'Source': 'Internet Movie Database', 'Value': '7.2/10'}]",N/A,7.2,"2,292",tt11383280,movie,,True
53,Prep & Landing: The Snowball Protocol,2025,N/A,27 Nov 2025,22 min,"Animation, Short, Adventure",Shane Zalvin,"Colleen Evanson, Hilary Helding, Kay Hayes","Dave Foley, Derek Richardson, Sarah Chalke","When their holiday missions go awry, Wayne thinks he is in big trouble with Santa, which opens a vault of merry mishaps from the past.",English,United States,N/A,https://m.media-amazon.com/images/M/MV5BMTUzNDIyZjktNDcxNi00ZTZkLTk0YjUtOThhOGRjYjhiY2Y5XkEyXkFqcGc@._V1_SX300.jpg,"[{'Source': 'Internet Movie Database', 'Value': '6.1/10'}]",N/A,6.1,596,tt32594892,movie,,True
54,Grow,2015,N/A,18 Apr 2015,6 min,"Short, Drama, Sci-Fi",Micah Levin,"Chris Basler, Micah Levin, Keith Wasserman","Noah Huntley, Alex Schemmer","Set in a post-apocalyptic Manhattan, where even the air we breathe has a price, oxygen dealer Winston Willis faces off with a mysterious buyer who seems to know Winston's darkest secret. A secret so important it could save all of ...",English,United States,1 nomination,https://m.media-amazon.com/images/M/MV5BMTY1NjQ5MzQzOV5BMl5BanBnXkFtZTgwNjg4NjExNzE@._V1_SX300.jpg,"[{'Source': 'Internet Movie Database', 'Value': '5.2/10'}]",N/A,5.2,52,tt4551946,movie,,True
55,The Message,1976,PG,31 Jan 1977,177 min,"Biography, Drama, History",Moustapha Akkad,"H.A.L. Craig, Abdel Hamid Gouda El Sahhar, Tewfik El-Hakim","Anthony Quinn, Irene Papas, Michael Ansara","Historical fresco recounting the life and times of the Prophet Mohammed, the last of the Abrahamic religion, in the sense that, according to Islam, he completed and sealed the monotheistic revelation made to Abraham.","Arabic, English","Lebanon, Libya, Kuwait, Morocco, United Kingdom",Nominated for 1 Oscar. 1 nomination total,https://m.media-amazon.com/images/M/MV5BODk0MDE2ZGYtYTljNS00Y2NlLWI4NTUtN2U4NTc2ODE2ZTA3XkEyXkFqcGc@._V1_SX300.jpg,"[{'Source': 'Internet Movie Database', 'Value': '8.1/10'}]",N/A,8.1,"52,706",tt0074896,movie,,True
56,I Want to Talk,2024,N/A,22 Nov 2024,122 min,Drama,Shoojit Sircar,Ritesh Shah,"Abhishek Bachchan, Ahilya Bamroo, Tom McLaren",A father and his daughter navigate their routine lives in India until an unexpected medical diagnosis alters their path.,Hindi,India,N/A,https://m.media-amazon.com/images/M/MV5BZjYwOGExYjAtNjEwZC00MTRiLTkzY2UtZWNmMDc5ZWVjMmY5XkEyXkFqcGc@._V1_SX300.jpg,"[{'Source': 'Internet Movie Database', 'Value': '7.2/10'}, {'Source': 'Rotten Tomatoes', 'Value': '73%'}]",N/A,7.2,564,tt27866861,movie,,True
57,Only the Brave,2017,PG-13,20 Oct 2017,134 min,"Action, Biography, Drama",Joseph Kosinski,"Sean Flynn, Ken Nolan, Eric Warren Singer","Josh Brolin, Miles Teller, Jeff Bridges","Based on the true story of the Granite Mountain Hotshots, a group of elite firefighters who risk everything to protect a town from a historic wildfire.",English,United States,3 nominations total,https://m.media-amazon.com/images/M/MV5BMGI1Mzk3MmUtMTg4Ni00NzE2LTk1NzUtMmNhMDAxN2E0MWI2XkEyXkFqcGc@._V1_SX300.jpg,"[{'Source': 'Internet Movie Database', 'Value': '7.6/10'}, {'Source': 'Rotten Tomatoes', 'Value': '87%'}, {'Source': 'Metacritic', 'Value': '72/100'}]",72,7.6,"85,788",tt3829920,movie,,True
58,Lord of War,2005,R,16 Sep 2005,122 min,"Crime, Drama",Andrew Niccol,Andrew Niccol,"Nicolas Cage, Ethan Hawke, Jared Leto",An arms dealer confronts the morality of his work as he is being chased by an INTERPOL Agent.,"English, Ukrainian, German, Spanish, Russian, French, Arabic, Turkish","Germany, United States, France",2 wins & 3 nominations total,"https://m.media-amazon.com/images/M/MV5BNThlY2NkYmMtNTFhNi00MzBiLWJmNzEtZjk5MzYwYWU2MjllXkEyXkFqcGc@._V1_QL75_UX380_CR0,2,380,562_.jpg","[{'Source': 'Internet Movie Database', 'Value': '7.6/10'}, {'Source': 'Rotten Tomatoes', 'Value': '62%'}, {'Source': 'Metacritic', 'Value': '62/100'}]",62,7.6,"358,467",tt0399295,movie,,True
59,One Piece,1999–,TV-14,20 Oct 1999,24 min,"Animation, Action, Adventure",N/A,Eiichirô Oda,"Mayumi Tanaka, Akemi Okamura, Tony Beck","Monkey D. Luffy, a pirate with rubber powers, forms the Straw Hat crew and sails the Grand Line, battling rivals and the World Government on a quest for the legendary treasure One Piece and the title of Pirate King.",Japanese,Japan,7 wins & 21 nominations total,"https://m.media-amazon.com/images/M/MV5BMTNjNGU4NTUtYmVjMy00YjRiLTkxMWUtNzZkMDNiYjZhNmViXkEyXkFqcGc@._V1_QL75_UY562_CR15,0,380,562_.jpg","[{'Source': 'Internet Movie Database', 'Value': '9.0/10'}]",N/A,9.0,"350,970",tt0388629,series,1,True
60,Iki Dünya Bir Dilek,2025,N/A,27 Nov 2025,N/A,Romance,N/A,N/A,N/A,"At first glance, Bilge and Jan have nothing in common: he is a world-renowned archaeologist, she is a pragmatic and successful lawyer. For the first time, fate brought them together in childhood, when an ordinary friendship turned...",Turkish,Turkey,N/A,https://m.media-amazon.com/images/M/MV5BMzI0MmRiOTktODEwNS00ZjYxLWI1OTEtNGVhNGU2NTg0Zjc2XkEyXkFqcGc@._V1_SX300.jpg,[],N/A,N/A,N/A,tt36499994,movie,,True
61,Mercy,2026,PG-13,23 Jan 2026,99 min,"Action, Crime, Drama",Timur Bekmambetov,Marco van Belle,"Chris Pratt, Rebecca Ferguson, Kali Reis","Set in the near future, a detective accused of murdering his wife has 90 minutes to prove his innocence to an advanced AI judge.",English,United States,1 nomination total,"https://m.media-amazon.com/images/M/MV5BMWJmYjcwMTMtMDU1ZC00ZGI5LTlmZDAtODI3NDA2ZTE5ZGVlXkEyXkFqcGc@._V1_QL75_UX380_CR0,0,380,562_.jpg","[{'Source': 'Internet Movie Database', 'Value': '6.2/10'}, {'Source': 'Metacritic', 'Value': '34/100'}]",34,6.2,"56,372",tt31050594,movie,,True
62,Heidi - Die Legende vom Luchs,2025,Not Rated,26 Jun 2025,79 min,"Animation, Family",Toby Schwarz,"Peter Dollinger, Tess Meyer, Marcus Sauermann","Lilly Graffam, Tom Zahner, Leonardo Lucero",Free spirited Heidi faces forces beyond her years to protect her Grandfather and the alpine wilderness she loves from a ruthless businessman and the hungry jaws of his new saw mill.,German,"Germany, Spain, Belgium",N/A,https://m.media-amazon.com/images/M/MV5BZmE4MzM1YjgtODcyOC00NjcwLThiNzktNzc2NjdmYTk1ZDg2XkEyXkFqcGc@._V1_SX300.jpg,"[{'Source': 'Internet Movie Database', 'Value': '6.9/10'}]",N/A,6.9,277,tt14260876,movie,,True
63,Feast,2005,R,18 Jan 2007,95 min,"Action, Comedy, Horror",John Gulager,"Patrick Melton, Marcus Dunstan","Navi Rawat, Krista Allen, Balthazar Getty",Patrons locked inside a bar are forced to fight monsters.,English,United States,1 win total,https://m.media-amazon.com/images/M/MV5BMTI0MzI5MTY1OV5BMl5BanBnXkFtZTcwMzU4MjYzMQ@@._V1_SX300.jpg,"[{'Source': 'Internet Movie Database', 'Value': '6.2/10'}, {'Source': 'Rotten Tomatoes', 'Value': '56%'}, {'Source': 'Metacritic', 'Value': '43/100'}]",43,6.2,"35,511",tt0426459,movie,,True
64,Marvel's Spidey and Iron Man: Avengers Team Up!,2025,TV-Y7,16 Oct 2025,22 min,"Animation, Action, Adventure",N/A,N/A,N/A,Iron Man and the Avengers join Spidey to stop Ultron and Green Goblin from taking control of the city's devices.,English,"United States, Canada",N/A,https://m.media-amazon.com/images/M/MV5BMTRlYzNiMWItYTUyYy00MDkyLTlkN2EtMWRhY2YxOGNlMDljXkEyXkFqcGc@._V1_SX300.jpg,"[{'Source': 'Internet Movie Database', 'Value': '7.2/10'}]",N/A,7.2,16,tt37850663,movie,,True
65,Ocean's Eleven,2001,PG-13,07 Dec 2001,116 min,"Crime, Thriller",Steven Soderbergh,"George Clayton Johnson, Jack Golden Russell, Harry Brown","George Clooney, Brad Pitt, Julia Roberts","Danny Ocean, a gangster, rounds up a gang of associates to stage a sophisticated and elaborate casino heist which involves robbing three Las Vegas casinos simultaneously during a popular boxing event.","English, Italian, Mandarin",United States,4 wins & 20 nominations total,https://m.media-amazon.com/images/M/MV5BMmNhZDkxYTgtMDM3ZC00NTQ3LWFjZTUtNzc1Y2QyNWZjNDRmXkEyXkFqcGc@._V1_SX300.jpg,"[{'Source': 'Internet Movie Database', 'Value': '7.7/10'}, {'Source': 'Rotten Tomatoes', 'Value': '83%'}, {'Source': 'Metacritic', 'Value': '74/100'}]",74,7.7,"668,514",tt0240772,movie,,True
66,Good News,1947,Approved,26 Dec 1947,93 min,"Comedy, Musical, Romance",Charles Walters,"Lew Brown, Laurence Schwab, Frank Mandel","June Allyson, Peter Lawford, Patricia Marshall",Golden Globe winner June Allyson and Peter Lawford star in this enjoyable musical about a football hero who falls in love with his French tutor.,"English, French",United States,Nominated for 1 Oscar. 1 nomination total,https://m.media-amazon.com/images/M/MV5BMjI5MzUzOTUyM15BMl5BanBnXkFtZTgwOTI1OTgwMzE@._V1_SX300.jpg,"[{'Source': 'Internet Movie Database', 'Value': '6.7/10'}, {'Source': 'Metacritic', 'Value': '77/100'}]",77,6.7,"2,948",tt0039431,movie,,True
67,The Great Flood,2025,TV-MA,19 Dec 2025,109 min,"Action, Adventure, Drama",Byung-woo Kim,"Byung-woo Kim, Moisés Velasco","Kim Da-mi, Park Hae-soo, Kwon Eun-sung","A disastrous great flood sweeps the planet. On what may be the last day on Earth, a desperate fight ensues to save a child from a flooding apartment.",Korean,South Korea,N/A,https://m.media-amazon.com/images/M/MV5BZTVlYTJhNWQtZDdhMS00MjRhLWI3YWEtMDRkN2FhNTc3MWZlXkEyXkFqcGc@._V1_SX300.jpg,"[{'Source': 'Internet Movie Database', 'Value': '5.4/10'}]",N/A,5.4,"16,621",tt29927663,movie,,True
68,Running Man,2010–,TV-14,11 Jul 2010,N/A,"Comedy, Game-Show, Reality-TV",N/A,N/A,"Yoo Jae-suk, Song Ji-hyo, Kim Jong-kook",Running Man is a reality-variety show where the cast must complete missions at various places to win the race.,Korean,South Korea,2 wins & 4 nominations total,https://m.media-amazon.com/images/M/MV5BN2VlOTY1NzYtM2NlZi00OWZiLWE4ZGItNTViZTVmZmRlOTI3XkEyXkFqcGc@._V1_SX300.jpg,"[{'Source': 'Internet Movie Database', 'Value': '9.1/10'}]",N/A,9.1,"3,904",tt2185037,series,1,True
69,"Miraculous World: Tokyo, Stellar Force",2025,N/A,29 Nov 2025,60 min,"Animation, Action, Adventure",N/A,"Thomas Astruc, Sébastien Thibaudeau, Jun Violet","Anouck Hautbois, Benjamin Bollen, Clara Soares","Marinette and Kagami join forces in Tokyo against a villain who turns civilians into kaijus. Ladybug must gather Japanese heroes to form the Tokyo Stellar Force, a team with celestial powers, stellar suits, and ships that merge to...","French, English","United States, France",N/A,https://m.media-amazon.com/images/M/MV5BOTMzNDdlM2EtYjQxMC00ZDdjLTg3YTktNzAzZDA4ZWIxMGRmXkEyXkFqcGc@._V1_SX300.jpg,[],N/A,N/A,48,tt39012071,movie,,True
70,Lefter: The Story of the Ordinarius,2025,TV-14,14 Nov 2025,126 min,"Biography, Drama, History",Can Ulkay,N/A,"Erdem Kaynarca, Deniz Isin, Aslihan Malbora","An aspiring footballer defies his strict father to chase his dream, navigating challenges in family, love, and identity - all in the name of greatness.",Turkish,Turkey,N/A,https://m.media-amazon.com/images/M/MV5BZThkNDM1MGItYjYxZC00ZjJlLTk2YjMtYWJkZGU2MGFmYWFmXkEyXkFqcGc@._V1_SX300.jpg,"[{'Source': 'Internet Movie Database', 'Value': '6.3/10'}]",N/A,6.3,"1,367",tt34433451,movie,,True
71,Abandoned Man,2025,TV-MA,22 Aug 2025,91 min,Drama,Çagri Vila Lostuvali,"Deniz Madanoglu, Murat Uyurkulak","Mert Ramazan Demir, Ada Erma, Rahimcan Kapkap","After years behind bars, a tormented man tries to rebuild his life, but an unexpected bond unveils a shocking truth that could change his life forever.",Turkish,Turkey,N/A,https://m.media-amazon.com/images/M/MV5BYzZjMWRmN2EtMTJlZi00MjE1LTlkYmQtMGFmYWUxMDkwN2UwXkEyXkFqcGc@._V1_SX300.jpg,"[{'Source': 'Internet Movie Database', 'Value': '5.8/10'}]",N/A,5.8,"3,470",tt34691776,movie,,True
72,Fragrant,2023,N/A,03 Feb 2023,N/A,Drama,Hadi Moghadamdoost,N/A,"Mostafa Zamani, Hoda Zeinolabedin, Kurosh Tahami",A Suffering and timid human confrontation with his life and obligations,Persian,Iran,N/A,https://m.media-amazon.com/images/M/MV5BYzYzMDdkMzMtOTZkYy00ZTI5LTk1MjMtMWQ5ZGJjZGU1NjU1XkEyXkFqcGdeQXVyODQ1MDE2MjU@._V1_SX300.jpg,[],N/A,N/A,18,tt26545639,movie,,True
73,Hair Love,2019,G,14 Aug 2019,7 min,"Animation, Short, Comedy","Matthew A. Cherry, Everett Downing Jr., Bruce W. Smith",Matthew A. Cherry,Issa Rae,A father tries to do his daughter's hair for the first time.,English,United States,Won 1 Oscar. 4 wins & 1 nomination total,https://m.media-amazon.com/images/M/MV5BYjc4NDE2Y2UtMzAzYi00ZjQ0LWE0ZmEtOTY0ODMxZjFiZjgyXkEyXkFqcGc@._V1_SX300.jpg,"[{'Source': 'Internet Movie Database', 'Value': '7.4/10'}]",N/A,7.4,"7,253",tt7129636,movie,,True
74,Pavane,2023,N/A,10 Jun 2023,26 min,"Short, Drama",Pauline Gay,Pauline Gay,"Corinne Masiero, Salomé Dewaels, Fréderique Moser","For 30 years, Cora has woken up every morning at 4am to go work at the factory and raise her daughter, Alex, gone to Paris, much to Cora's regret, to try to become a filmmaker. As Cora is about to retire, she would very much like ...",French,France,1 nomination,https://m.media-amazon.com/images/M/MV5BZTA5ZDdiMzItMGJkMy00ZWIyLWJmNGQtNWViNDU1ODIzZWRkXkEyXkFqcGdeQXVyMTc2OTg2NjQw._V1_SX300.jpg,[],N/A,N/A,11,tt20421074,movie,,True
75,A Monster in Paris,2011,PG,12 Oct 2011,90 min,"Animation, Adventure, Comedy",Bibo Bergeron,"Stéphane Kazandjian, Bibo Bergeron","Matthieu Chedid, Vanessa Paradis, Gad Elmaleh","A 3D-animated movie set in Paris in the year 1910 and centered on a monster who lives in a garden and his love for a beautiful, young singer.","French, English","France, Belgium",3 nominations total,https://m.media-amazon.com/images/M/MV5BYTBmMmUzZDktNWFiYy00NDIwLWIwYjktMjFiNmZlZmVjNTEwXkEyXkFqcGc@._V1_SX300.jpg,"[{'Source': 'Internet Movie Database', 'Value': '6.7/10'}, {'Source': 'Rotten Tomatoes', 'Value': '86%'}]",N/A,6.7,"23,837",tt0961097,movie,,True
76,Crayon Shin-chan: Our Dinosaur Diary,2024,N/A,09 Aug 2024,106 min,"Animation, Adventure, Comedy",Shinobu Sasaki,"Moral, Yoshito Usui","Yumiko Kobayashi, Miki Narahashi, Toshiyuki Morikawa","After a theme park that revives extinct dinosaurs is opened in Tokyo, Shinnosuke's pet dog, Shiro, crosses paths with a small dinosaur. The two befriend each other, but their friendship might affect the existence of the park.",Japanese,Japan,N/A,https://m.media-amazon.com/images/M/MV5BMjIyMTlmOTctMWJlNy00NzViLThkZTctNmM2ODUyZGYwNTRjXkEyXkFqcGc@._V1_SX300.jpg,"[{'Source': 'Internet Movie Database', 'Value': '6.6/10'}]",N/A,6.6,779,tt30400536,movie,,True
77,Blue Moon,2025,R,24 Oct 2025,100 min,"Biography, Comedy, Drama",Richard Linklater,"Robert Kaplow, Lorenz Hart, Elizabeth Weiland","Ethan Hawke, Bobby Cannavale, Andrew Scott","Tells the story of Lorenz Hart's struggles with alcoholism and mental health as he tries to save face during the opening of ""Oklahoma!"".","English, Hebrew","United States, Ireland",Nominated for 2 Oscars. 15 wins & 73 nominations total,https://m.media-amazon.com/images/M/MV5BODQ0NjNlN2MtNGRmZi00OGYzLWFjNGYtMjkyMTlmMWFkNTQ2XkEyXkFqcGc@._V1_SX300.jpg,"[{'Source': 'Internet Movie Database', 'Value': '6.8/10'}, {'Source': 'Rotten Tomatoes', 'Value': '89%'}, {'Source': 'Metacritic', 'Value': '78/100'}]",78,6.8,"16,403",tt32536315,movie,,True
78,I'm Not a Robot,2017–2018,TV-14,06 Dec 2017,42S min,"Comedy, Romance, Sci-Fi",N/A,N/A,"Chae Soo-bin, Hwang Seung-eon, Park Se-wan","Kim Min Gyu has wealth and success, but lives an isolated life due to his allergy of people. He then meets and falls in love with a girl who is pretending to be a robot for her ex-boyfriend, a genius robots professor.",Korean,South Korea,N/A,https://m.media-amazon.com/images/M/MV5BZjk1YmVkYmQtNjRjMS00ODM5LTk0YzgtMjhjZWFlMWRiNWVjXkEyXkFqcGc@._V1_SX300.jpg,"[{'Source': 'Internet Movie Database', 'Value': '8.0/10'}]",N/A,8.0,"8,205",tt7521778,series,1,True
79,Sitaare Zameen Par,2025,Not Rated,20 Jun 2025,155 min,"Comedy, Drama, Sport",R.S. Prasanna,"Javier Fesser, David Marqués, Divy Nidhi Sharma","Aamir Khan, Genelia Deshmukh, Ashish Pendse","After a DUI, an arrogant basketball coach must train Neurodivergent adults for community service. His initial prejudice fades as his players show him a new perspective on life.",Hindi,India,1 win & 13 nominations total,"https://m.media-amazon.com/images/M/MV5BZjdjODdiMTQtYWIwZi00NTQyLWE0YWItMzk3MTBhOGUyNDY3XkEyXkFqcGc@._V1_QL75_UY562_CR35,0,380,562_.jpg","[{'Source': 'Internet Movie Database', 'Value': '6.9/10'}]",N/A,6.9,"33,792",tt27235410,movie,,True
80,The Curious Case of Benjamin Button,2008,PG-13,25 Dec 2008,166 min,"Drama, Fantasy, Romance",David Fincher,"Eric Roth, Robin Swicord, F. Scott Fitzgerald","Brad Pitt, Cate Blanchett, Tilda Swinton","Benjamin Button, born in 1918 with the physical state of an elderly man, ages in reverse. He experiences love and break-ups, ecstasy and sorrow, and timelessness by the time he dies in 2003 as a baby.","English, Russian, French",United States,Won 3 Oscars. 85 wins & 160 nominations total,https://m.media-amazon.com/images/M/MV5BYjIyNDExOWItM2Y4ZC00NmY3LWFlN2ItYTJlZDQ1NTJlZTUwXkEyXkFqcGc@._V1_SX300.jpg,"[{'Source': 'Internet Movie Database', 'Value': '7.8/10'}, {'Source': 'Rotten Tomatoes', 'Value': '71%'}, {'Source': 'Metacritic', 'Value': '70/100'}]",70,7.8,"740,633",tt0421715,movie,,True
81,Roofman,2025,R,10 Oct 2025,126 min,"Biography, Crime, Drama",Derek Cianfrance,"Derek Cianfrance, Kirt Gunn","Channing Tatum, Kirsten Dunst, LaKeith Stanfield","A charismatic criminal, while on the run from the police, hides in a hidden space of a toy store. There, he adopts a new identity and becomes involved with an employee, beginning a relationship as unlikely as it is risky.",English,United States,1 win & 2 nominations total,"https://m.media-amazon.com/images/M/MV5BYjU4OTkyN2MtYjI0Mi00MjE3LWFkNTktZDNjODc3OTdiMDdiXkEyXkFqcGc@._V1_QL75_UX380_CR0,0,380,562_.jpg","[{'Source': 'Internet Movie Database', 'Value': '6.9/10'}, {'Source': 'Rotten Tomatoes', 'Value': '87%'}, {'Source': 'Metacritic', 'Value': '66/100'}]",66,6.9,"71,190",tt4627382,movie,,True
82,Limelight,1952,G,31 Oct 1952,137 min,"Comedy, Drama, Music",Charles Chaplin,Charles Chaplin,"Charles Chaplin, Claire Bloom, Nigel Bruce",A fading comedian and a suicidally despondent ballet dancer must look to each other to find purpose and hope in their lives.,English,United States,Won 1 Oscar. 7 wins & 4 nominations total,https://m.media-amazon.com/images/M/MV5BODFjMzMwMmYtYmZjYS00MTZiLWE2ZjAtZTliMDFmNTNhMjIzXkEyXkFqcGc@._V1_SX300.jpg,"[{'Source': 'Internet Movie Database', 'Value': '8.0/10'}, {'Source': 'Rotten Tomatoes', 'Value': '88%'}, {'Source': 'Metacritic', 'Value': '84/100'}]",84,8.0,"23,710",tt0044837,movie,,True
83,War Machine,2026,R,06 Mar 2026,106 min,"Action, Sci-Fi, Thriller",Patrick Hughes,"Patrick Hughes, James Beaufort","Alan Ritchson, Stephan James, Blake Richardson",Follow the final recruits of a grueling special ops boot camp who encounter a mysterious deadly force.,English,"United Kingdom, Australia, New Zealand, United States",1 nomination total,"https://m.media-amazon.com/images/M/MV5BMmM1ZTc5ZTYtOTM2My00MjBmLWE5NzktYzkyYzdlYWE3ZDAzXkEyXkFqcGc@._V1_QL75_UX380_CR0,0,380,562_.jpg","[{'Source': 'Internet Movie Database', 'Value': '6.3/10'}, {'Source': 'Metacritic', 'Value': '54/100'}]",54,6.3,"86,956",tt15940132,movie,,True
84,No Other Choice,2026,R,16 Jan 2026,139 min,"Comedy, Crime, Drama",Park Chan-wook,"Donald E. Westlake, Park Chan-wook, Lee Kyoung-mi","Lee Byung-hun, Son Ye-jin, Woo Seung Kim","After being fired, a man devises a unique plan to secure a new job: eliminate his competition.","Korean, English","South Korea, France",21 wins & 104 nominations total,"https://m.media-amazon.com/images/M/MV5BMjg3NzY0N2ItZGFlMy00NzAzLTk2NjItMDk2YTU3ZWU0MDA1XkEyXkFqcGc@._V1_QL75_UY562_CR7,0,380,562_.jpg","[{'Source': 'Internet Movie Database', 'Value': '7.5/10'}, {'Source': 'Rotten Tomatoes', 'Value': '97%'}, {'Source': 'Metacritic', 'Value': '86/100'}]",86,7.5,"57,461",tt1527793,movie,,True
85,Hoppers,2026,PG,06 Mar 2026,104 min,"Animation, Adventure, Comedy",Daniel Chong,"Daniel Chong, Jesse Andrews, Jordan Harrison","Piper Curda, Bobby Moynihan, Jon Hamm",A 19-year-old animal lover uses technology that places her consciousness into a robotic beaver to uncover mysteries within the animal world beyond her imagination.,English,United States,N/A,"https://m.media-amazon.com/images/M/MV5BNzRiMzZlMTMtNmU3OC00MDUwLThmNDUtMTBjZmQ3MWQ4NTljXkEyXkFqcGc@._V1_QL75_UX380_CR0,0,380,562_.jpg","[{'Source': 'Internet Movie Database', 'Value': '7.4/10'}, {'Source': 'Rotten Tomatoes', 'Value': '94%'}, {'Source': 'Metacritic', 'Value': '73/100'}]",73,7.4,"37,622",tt26443616,movie,,True
86,Allied,2016,R,23 Nov 2016,124 min,"Action, Drama, Romance",Robert Zemeckis,Steven Knight,"Brad Pitt, Marion Cotillard, Jared Harris","In 1942, a Canadian intelligence officer in North Africa encounters a female French Resistance fighter on a deadly mission behind enemy lines. When they reunite in London, their relationship is tested by the pressures of war.","English, French, German, Arabic","United Kingdom, United States, China",Nominated for 1 Oscar. 1 win & 10 nominations total,https://m.media-amazon.com/images/M/MV5BNWJiOTUzODItNTYzYS00NGY0LWIzZmEtZDA4MGI5ZWMxMjM2XkEyXkFqcGc@._V1_SX300.jpg,"[{'Source': 'Internet Movie Database', 'Value': '7.1/10'}, {'Source': 'Rotten Tomatoes', 'Value': '60%'}, {'Source': 'Metacritic', 'Value': '60/100'}]",60,7.1,"178,412",tt3640424,movie,,True
87,"Good Luck, Have Fun, Don't Die",2026,R,13 Feb 2026,134 min,"Action, Adventure, Comedy",Gore Verbinski,Matthew Robinson,"Sam Rockwell, Juno Temple, Haley Lu Richardson","A ""Man From the Future"" arrives at a diner in Los Angeles where he must recruit the precise combination of disgruntled patrons to join him on a one-night quest to save the world from the terminal threat of a rogue artificial intel...",English,"Germany, United States",N/A,"https://m.media-amazon.com/images/M/MV5BOTQ0NzYzM2QtOWYzMC00MGU5LWJmMTQtYTU1ODU0ZjUwYjk0XkEyXkFqcGc@._V1_QL75_UX380_CR0,0,380,562_.jpg","[{'Source': 'Internet Movie Database', 'Value': '7.0/10'}, {'Source': 'Metacritic', 'Value': '66/100'}]",66,7.0,"36,970",tt1341338,movie,,True
88,GOAT,2026,PG,13 Feb 2026,100 min,"Animation, Action, Adventure","Tyree Dillihay, Adam Rosette","Aaron Buchsbaum, Teddy Riley, Nicolas Curcio","Caleb McLaughlin, Gabrielle Union, Stephen Curry","A small goat with big dreams gets a once-in-a-lifetime shot to join the pros and play roarball, a high-intensity, co-ed, full-contact sport dominated by the fastest, fiercest animals in the world.",English,"United States, Canada",N/A,"https://m.media-amazon.com/images/M/MV5BYzE5OTJkOGMtYWFiNi00NTlkLWE3ZWItY2ZlNjkyOWVhMjMyXkEyXkFqcGc@._V1_QL75_UX380_CR0,4,380,562_.jpg","[{'Source': 'Internet Movie Database', 'Value': '6.7/10'}, {'Source': 'Rotten Tomatoes', 'Value': '84%'}, {'Source': 'Metacritic', 'Value': '60/100'}]",60,6.7,"15,166",tt27613895,movie,,True
89,Skins,2007–2013,TV-MA,17 Jan 2011,1 min,Drama,N/A,"Jamie Brittain, Bryan Elsley","Kaya Scodelario, Nicholas Hoult, Joe Dempsie","The messy lives, loves, delirious highs and inevitable lows of raucous teenage friends in Bristol.",English,United Kingdom,Won 2 BAFTA 7 wins & 34 nominations total,https://m.media-amazon.com/images/M/MV5BNTBhMjc1ZmMtZDgxMi00ZjdhLWE1ZTktYWQ5YTI0MzE2MTFmXkEyXkFqcGc@._V1_SX300.jpg,"[{'Source': 'Internet Movie Database', 'Value': '8.2/10'}]",N/A,8.2,"99,589",tt0840196,series,7,True
90,One Piece: Dead End Adventure,2003,TV-14,01 Mar 2003,95 min,"Animation, Action, Adventure",Kônosuke Uda,"Eiichirô Oda, Yoshiyuki Suga","Sarah Chaney, Hiroaki Hirata, Shûichi Ikeda",Luffy and his gang finds out about and joins the death race DeadEnd and the ex-marine Gasparde and the bounty hunter Shuraiya clash as the conspiracy of the race unfolds.,Japanese,Japan,N/A,https://m.media-amazon.com/images/M/MV5BNmU5ZjU1ZGMtMTM0YS00NTZjLWI1NjctMjIzNDVmNTI0ZGQ4XkEyXkFqcGc@._V1_SX300.jpg,"[{'Source': 'Internet Movie Database', 'Value': '7.1/10'}]",N/A,7.1,"3,326",tt1006926,movie,,True
91,Dhurandhar The Revenge,2026,N/A,19 Mar 2026,230 min,"Action, Crime, Thriller",Aditya Dhar,Aditya Dhar,"Ranveer Singh, Akshaye Khanna, Sanjay Dutt","Jaskirat Singh Rangi descends deeper into his alias as Hamza Ali Mazari, rising through Karachi's criminal hierarchy to claim the feared title ""Sher-e-Baloch"" while balancing loyalty, betrayal, and survival in a ruthless underworld.",Hindi,India,N/A,"https://m.media-amazon.com/images/M/MV5BNzdkNjAxNWMtNWY3My00NTI1LTg2YWQtOGI3MDA0NzdhMjEyXkEyXkFqcGc@._V1_QL75_UY562_CR24,0,380,562_.jpg","[{'Source': 'Internet Movie Database', 'Value': '8.5/10'}]",N/A,8.5,"45,701",tt39139925,movie,,True
92,The Kid,1921,Passed,06 Feb 1921,68 min,"Comedy, Drama, Family",Charles Chaplin,Charles Chaplin,"Charles Chaplin, Edna Purviance, Jackie Coogan","The Tramp cares for an abandoned child, but events put their relationship in jeopardy.","None, English",United States,2 wins total,https://m.media-amazon.com/images/M/MV5BZGVmZGM0YTUtOTA1ZC00ZDE4LWE4ZDUtMjAxOTk5YjkwN2Q2XkEyXkFqcGc@._V1_SX300.jpg,"[{'Source': 'Internet Movie Database', 'Value': '8.2/10'}, {'Source': 'Rotten Tomatoes', 'Value': '100%'}]",N/A,8.2,"144,275",tt0012349,movie,,True
93,The SpongeBob Movie: Search for SquarePants,2025,PG,18 Dec 2025,88 min,"Animation, Adventure, Comedy",Derek Drymon,"Pam Brady, Matt Lieberman, Marc Ceccarelli","Tom Kenny, Clancy Brown, Rodger Bumpass","Desperate to be a big guy, SpongeBob sets out to prove his bravery to Mr. Krabs by following the Flying Dutchman, a mysterious swashbuckling ghost pirate, to the deepest depths of the deep sea.",English,United States,4 nominations total,https://m.media-amazon.com/images/M/MV5BYzdlYmM2YmEtMmQ3Zi00ZjAxLTg2ZjctNzU3NDVkY2RiOTBjXkEyXkFqcGc@._V1_SX300.jpg,"[{'Source': 'Internet Movie Database', 'Value': '5.7/10'}, {'Source': 'Rotten Tomatoes', 'Value': '78%'}, {'Source': 'Metacritic', 'Value': '65/100'}]",65,5.7,"6,073",tt23572848,movie,,True
94,The Myth of Marakuda,2025,N/A,01 May 2025,90 min,"Animation, Adventure, Comedy",Viktor Glukhushin,Aleksandr Arkhipov,"Prokhor Chekhovskoy, Peter Ivaschenko, Marina Lisovets","The son of Chief Marakud should become a real warrior, but he does not know how to hunt at all and disappoints his father. Marakuda goes alone into the forest and finds the sacred bird Tink, which gives him the gift of understandi...",Russian,Russia,N/A,https://m.media-amazon.com/images/M/MV5BMDNkYzZiMDUtMmYwYy00MTUzLTljZGMtZDBlZDU2OGE4NmZhXkEyXkFqcGc@._V1_SX300.jpg,[],N/A,N/A,45,tt33022412,movie,,True
95,"Scooby Doo, Where Are You!",1969–1970,TV-G,13 Sep 1969,22 min,"Animation, Adventure, Comedy",N/A,"Joseph Barbera, William Hanna, Joe Ruby","Don Messick, Casey Kasem, Nicole Jaffe","Four teenage friends, Fred Jones, Daphne Blake, Velma Dinkley, and Shaggy Rogers, along with their talking dog, Scooby-Doo, travel around in their van, The Mystery Machine, solving strange, spooky, and hilariously kooky mysteries.",English,United States,2 wins total,"https://m.media-amazon.com/images/M/MV5BZWY2YWM1NzItMTM4OC00OWExLTkxZGItNzNmYzI4MmFiYjVmXkEyXkFqcGc@._V1_QL75_UY562_CR1,0,380,562_.jpg","[{'Source': 'Internet Movie Database', 'Value': '7.9/10'}]",N/A,7.9,"47,495",tt0063950,series,3,True
96,Avatar: The Last Airbender,2005–2008,TV-Y7-FV,21 Feb 2005,23 min,"Animation, Action, Adventure",N/A,"Michael Dante DiMartino, Bryan Konietzko","Dee Bradley Baker, Zach Tyler Eisen, Mae Whitman","In a war-torn world of elemental powers, a young boy reawakens to undertake a dangerous mystic quest to fulfill his destiny as the Avatar, and bring peace to the world.",English,"United States, South Korea",Won 1 Primetime Emmy. 9 wins & 7 nominations total,https://m.media-amazon.com/images/M/MV5BMDMwMThjYWYtY2Q2OS00OGM2LTlkODQtNDJlZTZmMjAyYmFhXkEyXkFqcGc@._V1_SX300.jpg,"[{'Source': 'Internet Movie Database', 'Value': '9.3/10'}]",N/A,9.3,"432,739",tt0417299,series,3,True
97,Tafiti: Across the Desert,2025,PG,30 Jan 2026,81 min,Animation,Nina Wels,"Julia Boehme, Nicholas Hause","Cosima Henman, Steve Hudson, Jeremiah Costello","Tafiti, a young meerkat, initially rejects friendship with Bristles, a bush pig. When his grandpa is bitten by a snake Tafiti sets off to find the flower for the cure. Bristles wants to prove that adventures are always better with...","English, German",Germany,1 win & 3 nominations total,https://m.media-amazon.com/images/M/MV5BNzc3NjUzOGYtY2U5MC00NWI0LWE4MGMtMDhlYTlkNGExNWJiXkEyXkFqcGc@._V1_SX300.jpg,[],N/A,N/A,207,tt9612976,movie,,True
98,Project Hail Mary,2026,PG-13,20 Mar 2026,156 min,"Adventure, Comedy, Sci-Fi","Phil Lord, Christopher Miller","Drew Goddard, Andy Weir","Ryan Gosling, Sandra Hüller, James Ortiz","A science teacher wakes up alone on a spaceship. As his memory returns, he uncovers a mission to stop a mysterious substance killing Earth's sun and that an unexpected friendship may be the key.",English,United States,1 win & 1 nomination total,"https://m.media-amazon.com/images/M/MV5BNTkwNzJiYTctNzI3NC00NjE1LTlhYjktY2Q5MTdmMWFmNzcxXkEyXkFqcGc@._V1_QL75_UX380_CR0,0,380,562_.jpg","[{'Source': 'Internet Movie Database', 'Value': '8.4/10'}, {'Source': 'Rotten Tomatoes', 'Value': '94%'}, {'Source': 'Metacritic', 'Value': '77/100'}]",77,8.4,"207,175",tt12042730,movie,,True
99,If I Had Legs I'd Kick You,2025,R,10 Oct 2025,113 min,"Drama, Thriller",Mary Bronstein,Mary Bronstein,"Rose Byrne, Conan O'Brien, Danielle Macdonald","While trying to manage her own life and career, a woman on the verge of a breakdown must cope with her daughter's illness, an absent husband, a missing person, and an unusual relationship with her therapist.",English,United States,Nominated for 1 Oscar. 39 wins & 77 nominations total,"https://m.media-amazon.com/images/M/MV5BMGRlMjIzMDctNzNkMS00MzEwLTlhZWEtM2FjYmE1ZmFjMzZlXkEyXkFqcGc@._V1_QL75_UX380_CR0,4,380,562_.jpg","[{'Source': 'Internet Movie Database', 'Value': '6.6/10'}, {'Source': 'Rotten Tomatoes', 'Value': '92%'}, {'Source': 'Metacritic', 'Value': '78/100'}]",78,6.6,"34,170",tt18382850,movie,,True
100,Demon Slayer: Kimetsu no Yaiba Infinity Castle,2025,R,12 Sep 2025,155 min,"Animation, Action, Adventure","Haruo Sotozaki, Hikaru Kondô","Koyoharu Gotouge, Hikaru Kondô","Zach Aguilar, Saeko Akiho, Yôhei Azakami","The Demon Slayer Corps are drawn into the Infinity Castle, where Tanjiro and the Hashira face terrifying Upper Rank demons in a desperate fight as the final battle against Muzan Kibutsuji begins.",Japanese,"Japan, United States",2 wins & 7 nominations total,https://m.media-amazon.com/images/M/MV5BOGQ3YWUzYjEtMTJiYy00ZjQ0LWI0YjktYjhiNGVhNGExYTM3XkEyXkFqcGc@._V1_SX300.jpg,"[{'Source': 'Internet Movie Database', 'Value': '8.4/10'}, {'Source': 'Rotten Tomatoes', 'Value': '98%'}, {'Source': 'Metacritic', 'Value': '67/100'}]",67,8.4,"64,082",tt32820897,movie,,True
101,A Private Life,2025,R,16 Jan 2026,107 min,"Crime, Drama, Mystery",Rebecca Zlotowski,"Anne Berest, Rebecca Zlotowski, Gaëlle Macé","Jodie Foster, Daniel Auteuil, Virginie Efira","The renowned psychiatrist Lilian Steiner mounts a private investigation into the death of one of her patients, whom she is convinced has been murdered.","French, English",France,6 nominations total,https://m.media-amazon.com/images/M/MV5BM2Y4OWIzMTQtMzk0OC00NGM5LTgxMGUtZDM1ZDIxMGRhZjEzXkEyXkFqcGc@._V1_SX300.jpg,"[{'Source': 'Internet Movie Database', 'Value': '6.3/10'}, {'Source': 'Rotten Tomatoes', 'Value': '81%'}, {'Source': 'Metacritic', 'Value': '67/100'}]",67,6.3,"2,310",tt33852162,movie,,True
102,The Marvelous Misadventures of Flapjack,2008–2010,TV-PG,06 Jun 2008,11 min,"Animation, Short, Adventure",N/A,Thurop Van Orman,"Brian Doyle-Murray, Thurop Van Orman, Jeff Bennett","The comical seafaring adventures of a young, enthusiastic boy, his pirate captain mentor, and the talking whale that raised him from birth.",English,United States,Won 1 Primetime Emmy. 1 win & 4 nominations total,https://m.media-amazon.com/images/M/MV5BMTkzMDdiNGItYmZmYy00NDU0LWE5ZDMtZTgyNDc3ODgzNzM2XkEyXkFqcGc@._V1_SX300.jpg,"[{'Source': 'Internet Movie Database', 'Value': '7.8/10'}]",N/A,7.8,"17,360",tt1178180,series,3,True
103,Ben 10,2005–2008,TV-Y7-FV,27 Dec 2005,30 min,"Animation, Action, Adventure",N/A,"Man of Action, Joe Casey, Joe Kelly","Tara Strong, Paul Eiding, Meagan Moore","The story of Ben Tennyson, a typical kid who becomes very atypical after he discovers the Omnitrix, a mysterious alien device with the power to transform the wearer into ten different alien species.",English,United States,1 win & 2 nominations total,https://m.media-amazon.com/images/M/MV5BYWVjODZjNDgtYjk4ZS00OTg5LTg5NDQtZDMxZDQ4ZmM5MGJmXkEyXkFqcGc@._V1_SX300.jpg,"[{'Source': 'Internet Movie Database', 'Value': '7.6/10'}]",N/A,7.6,"34,651",tt0760437,series,4,True
104,Zootopia,2016,PG,04 Mar 2016,108 min,"Animation, Action, Adventure","Byron Howard, Rich Moore, Jared Bush","Byron Howard, Rich Moore, Jared Bush","Ginnifer Goodwin, Jason Bateman, Idris Elba","In a city of anthropomorphic animals, a rookie bunny cop and a cynical con artist fox must work together to uncover a conspiracy.",English,United States,Won 1 Oscar. 49 wins & 75 nominations total,https://m.media-amazon.com/images/M/MV5BOTMyMjEyNzIzMV5BMl5BanBnXkFtZTgwNzIyNjU0NzE@._V1_SX300.jpg,"[{'Source': 'Internet Movie Database', 'Value': '8.0/10'}, {'Source': 'Rotten Tomatoes', 'Value': '98%'}, {'Source': 'Metacritic', 'Value': '78/100'}]",78,8.0,"625,023",tt2948356,movie,,True
105,Shelter,2026,R,30 Jan 2026,107 min,"Action, Thriller",Ric Roman Waugh,Ward Parry,"Jason Statham, Bodhi Rae Breathnach, Michael Shaeffer","Michael Mason is a recluse on a remote Scottish island who rescues a girl from the sea, unleashing a perilous sequence of events that culminate in an attack on his home, compelling him to face his turbulent history.",English,"United Kingdom, United States, Canada",N/A,"https://m.media-amazon.com/images/M/MV5BMzI2ODY3MzQtYzllNy00YWM1LWExZTgtOGIwNjk2MmE2MmY2XkEyXkFqcGc@._V1_QL75_UX380_CR0,0,380,562_.jpg","[{'Source': 'Internet Movie Database', 'Value': '6.1/10'}, {'Source': 'Metacritic', 'Value': '50/100'}]",50,6.1,"25,305",tt32357218,movie,,True
106,Wall to Wall,2025,TV-MA,18 Jul 2025,118 min,"Drama, Thriller","Kim Tae-joon, Sharon S. Park",Kim Tae-joon,"Kang Ha-neul, Yeom Hye-ran, Seo Hyun-woo","Woo-seong, a man who finally saves up enough to buy an apartment, only to have it turn into a nightmare with financial ruin and mysterious noises from neighboring floors.",Korean,South Korea,N/A,https://m.media-amazon.com/images/M/MV5BM2Y1MjcwMWMtN2IyZi00MGIwLWFiM2YtZjkzZWE1NmJlMGFhXkEyXkFqcGc@._V1_SX300.jpg,"[{'Source': 'Internet Movie Database', 'Value': '5.9/10'}, {'Source': 'Rotten Tomatoes', 'Value': '59%'}]",N/A,5.9,"7,458",tt32237537,movie,,True
107,Superman,2025,PG-13,11 Jul 2025,129 min,"Action, Adventure, Sci-Fi",James Gunn,"James Gunn, Jerry Siegel, Joe Shuster","David Corenswet, Rachel Brosnahan, Nicholas Hoult","Superman must reconcile his alien Kryptonian heritage with his human upbringing as reporter Clark Kent. As the embodiment of truth, justice and the American way he soon finds himself in a world that views these as old-fashioned.",English,United States,5 wins & 73 nominations total,"https://m.media-amazon.com/images/M/MV5BOGMwZGJiM2EtMzEwZC00YTYzLWIxNzYtMmJmZWNlZjgxZTMwXkEyXkFqcGc@._V1_QL75_UY562_CR35,0,380,562_.jpg","[{'Source': 'Internet Movie Database', 'Value': '7.0/10'}, {'Source': 'Rotten Tomatoes', 'Value': '83%'}, {'Source': 'Metacritic', 'Value': '68/100'}]",68,7.0,"406,287",tt5950044,movie,,True
108,100 Nights of Hero,2025,PG-13,05 Dec 2025,91 min,"Drama, Fantasy, Romance",Julia Jackman,"Isabel Greenberg, Julia Jackman","Emma Corrin, Nicholas Galitzine, Safia Oakley-Green","When a charming house guest arrives at a remote castle, the delicate dynamic between a neglectful husband, his innocent bride Cherry, and their devoted maid Hero, is thrown into chaos.",English,United Kingdom,7 nominations total,https://m.media-amazon.com/images/M/MV5BMjFmNjYxNjEtMGM3My00ZjY1LWEyZDAtZmYyY2NjNTIyZTY2XkEyXkFqcGc@._V1_SX300.jpg,"[{'Source': 'Internet Movie Database', 'Value': '5.9/10'}, {'Source': 'Rotten Tomatoes', 'Value': '68%'}, {'Source': 'Metacritic', 'Value': '64/100'}]",64,5.9,"1,263",tt33350512,movie,,True
109,Arco,2025,PG,14 Nov 2025,88 min,"Animation, Adventure, Fantasy",Ugo Bienvenu,"Ugo Bienvenu, Félix de Givry","Margot Ringard Oldra, Oscar Tresanini, Nathanaël Perrot","In 2075, a girl witnesses a mysterious boy in a rainbow suit fall from the sky. He comes from an idyllic far future where time travel is possible. She shelters him and will do whatever it takes to help him return to his time.","French, English","France, United States, United Kingdom",Nominated for 1 Oscar. 12 wins & 50 nominations total,"https://m.media-amazon.com/images/M/MV5BM2IzNjdiNzUtNTJjMy00Mjk5LTg3MzItNzA2ZjYzOWE2MGIyXkEyXkFqcGc@._V1_QL75_UY562_CR21,0,380,562_.jpg","[{'Source': 'Internet Movie Database', 'Value': '7.3/10'}, {'Source': 'Rotten Tomatoes', 'Value': '93%'}, {'Source': 'Metacritic', 'Value': '72/100'}]",72,7.3,"7,143",tt14883538,movie,,True
110,BoJack Horseman,2014–2020,TV-MA,22 Aug 2014,25 min,"Animation, Comedy, Drama",N/A,Raphael Bob-Waksberg,"Will Arnett, Amy Sedaris, Alison Brie","BoJack Horseman was the star of the hit television show ""Horsin' Around"" in the '80s and '90s, but now he's washed up, living in Hollywood, complaining about everything, and wearing colorful sweaters.",English,United States,Nominated for 3 Primetime Emmys. 35 wins & 43 nominations total,https://m.media-amazon.com/images/M/MV5BZmMwMDlkNTEtMmQzZS00ODQ0LWJlZmItOTgwYWMwZGM4MzFiXkEyXkFqcGc@._V1_SX300.jpg,"[{'Source': 'Internet Movie Database', 'Value': '8.8/10'}]",N/A,8.8,"227,110",tt3398228,series,6,True
111,Elf on the Run,2016,Not Rated,27 Jan 2017,95 min,"Animation, Adventure, Fantasy",Agurtzane Intxaurraga,"Joseba Beristain, Juan Luis Carreras","Aintzane Crujeiras, Anjel Alkain, Loinaz Jauregi",A little girl makes an unusual friendship with a spring's goblin.,Basque,Spain,3 nominations,https://m.media-amazon.com/images/M/MV5BNjQ3NjI4ZGQtMzAwOC00ZGY5LWE5ZWEtNDA1NjJmZTg4MzIxXkEyXkFqcGc@._V1_SX300.jpg,"[{'Source': 'Internet Movie Database', 'Value': '5.7/10'}]",N/A,5.7,30,tt6447022,movie,,True
112,Umami,2025,N/A,12 Feb 2025,113 min,Drama,Emre Sahin,Can Cengiz,"Burak Deniz, Öykü Karayel, Osman Sonant","Umami' tells the story of chef Sina Bora's extraordinary night, as he struggles with the pressures of running a successful and luxurious restaurant in Istanbul, while also having to cope with his personal life and the demands of h...",Turkish,Turkey,N/A,https://m.media-amazon.com/images/M/MV5BNGYxMGU4YjktNmQwZS00M2M5LTkxZTctM2ZkZjA1OTYxYTRkXkEyXkFqcGc@._V1_SX300.jpg,"[{'Source': 'Internet Movie Database', 'Value': '6.1/10'}]",N/A,6.1,"2,152",tt33305511,movie,,True
