idmovieforme,genres,year,imdb,country,agerating,like,score,title
1,comedy|action|fantasy|animation|adventure|anime,2011,9.0,japan,12,yes,9.5,hunter x hunter
2,drama|sci-fi|action|dystopian|post-apocalyptic,2014,7.7,USA,15,yes,8.6, the 100 
3,comedy|drama|sci-fi|animation|adventure|anime,2019,8.1,japan,15,yes,7.1,dr.stone
4,drama|comedy|sport|animation|anime,2024,7.8,japan,12,no,2.0,haikyu the dumpster battle 
5,fantasy|adventure|family|animation|children|comedy,2013,7.0,USA,3,no,3.0, sofia the first
6,comedy|fantasy|adventure|animation|family|sci-fi|short|musical,2011,8.2,USA,7,yes,8.2,the amazing world of gumball 
7,comedy|action|sci-fi|animation|adventure|family|thriller,2018,8.0,USA,7,yes,6.0,incredibles 2
8,drama|coming-of-age,2020,8.9,USA,15,no,5.0,the queen's gambit
9,comedy|mystery|fantasy|crime|coming-of-age,2022,8.0,USA,15,yes,6.5,wednesday 
10,action|fantasy|adventure|animation|thriller|anime,2019,8.6,japan,15,no,5.0,demon slayer : kimetsu no yaiba
11,superhero|comedy|animation|drama,2003,7.8,USA,7,yes,7.3,teen titans
12,adventure|comedy|action|animation|superhero,2013,5.7,USA,7,yes,5.6,teen titans go  
13,sci-fi|thriller|drama|animation|anime|comedy|mystery|romance,2011,8.8,japan,12,yes,8.0,steins gate 
14,comedy|animation|fantasy|adventure|family|musical,2010,7.6,USA,3,yes,7.3,my little pony : friendship is magic 
15,drama|action|sci-fi|animation|fantasy|adventure,2021,9.0,USA,15,yes,6.9,arcane
16,comedy|animation|short,2014,7.0,USA,7,yes,6.5,the loud house 
17,comedy|romance|psychological|slice-of-life,2019,8.5,japan,14,yes,6.7,kaguya-sama : love is war
18,comedy|fantasy|family|animation|horror,2019,5.8,canada,7,no,1.3,the addams family
19,drama|comedy|sport|animation|anime,2014,8.7,japan,12,no,3.0,haikyu
20,comedy|action|sci-fi|animation|fantasy|adventure|family|children,2019,6.9,USA,7,no,4.0,teen titans go vs teen titans 
21,comedy|action|sci-fi|animation|fantasy|adventure|family|children|musical,2018,6.8,USA,7,no,4.0,teen titans go to the movies
22,comedy|action|sci-fi|animation|fantasy|adventure|family|children|sport,2021,4.3,USA,7,no,1.1,teen titans go see space jam 
23,comedy|action|sci-fi|animation|fantasy|adventure|family,2022,5.4,USA,7,no,4.5,teen titans go & super hero girls: mayhem in the multiverse
24,drama|sci-fi|mystery|animation|thriller|anime,2021,8.4,japan,15,yes,8.1,steins gate 0
25,comedy|sci-fi|fantasy|animation|adventure|family|short,2025,8.6,uk,7,yes,8.3,the wonderfully weird world of gumball
26,horror,2017,7.4,USA,15,no,0.5,it 
27,fantasy|musical|romance,2025,6.9,USA,18,no,4.0,wicked : for good
28,adventure|family|fantasy|drama|romance,2014,7.0,USA,12,yes,6.6,maleficent
29,drama|comedy|action|sci-fi|fantasy,2021,7.5,USA,12,yes,6.9,wanda vision
30,fantasy|adventure|romance|animation|family|musical,1989,7.6,USA,7,yes,6.2,the little mermaid
31,comedy|fantasy|adventure|animation|action|drama|family|mystery,2012,7.1,USA,7,yes,7.3,brave
32,comedy|fantasy|adventure|animation|family|musical,2013,7.4,USA,7,yes,7.8,frozen
33,action|sci-fi|adventure|fantasy,2021,8.7,USA,12,no,4.5,spider man : no way home
34,fantasy|adventure|family|drama|romance,2019,6.9,USA,12,no,5.0,maleficent: mistress of evil
35,animation|children,2016,4.7,USA,3,no,2.0,the mermaid princess
36,fantasy|adventure|family|animation,2004,8.2,japan,7,yes,7.0,howl's moving castle
37,comedy|adventure|family,2025,5.2,france,7,no,3.0,moon the panda 
38,romance|comedy|fantasy,2025,7.2,USA,12,yes,6.8,eternity
39,drama|action|fantasy|comedy,2022,6.2,USA,12,yes,5.5,the school for good and evil
40,drama|family|war,2020,6.5,Iran,12,no,4.0,roozy roozegari abadan
41,mystery|fantasy|adventure|family,2010,6.5,USA,12,no,4.3,alice in wonderland movie
42,drama|comedy|romance,2025,6.3,USA,12,yes,6.5,my oxford year
43,fantasy|adventure|animation|family,2001,8.6,japan,12,yes,7.0,spirited away
44,drama|comedy|family|animation|children,2025,5.8,USA,7,no,3.0,diary of a wimpy kid : the last straw
45,action|adventure|family|animation,2025,5.4,Peru,7,no,4.5,kayara
46,drama|mystery|adventure|animation|anime,2025,7.4,south-korea,12,no,4.6,your letter
47,drama|sci-fi|fantasy|animation|anime|musical,2026,7.1,japan,7,no,5.0,cosmic princess kaguya
48,drama|comedy,2025,7.1,USA,15,yes,6.1,is this thing on ?
49,drama|comedy|romance,2025,7.1,south-korea,15,yes,5.9,love untangled
50,sci-fi|mystery|animation,2024,5.9,japan,12,no,4.0,kuramerukagari
51,drama|comedy|romance,2025,6.9,USA,12,yes,6.4,the life list
52,comedy,2018,5.6,USA,12,yes,5.5,night school
53,drama|comedy|sci-fi|short,2020,7.2,USA,15,yes,6.0,please hold
54,comedy|animation|fantasy|adventure|family|children|short,2025,6.1,USA,3,no,2.0,prep & landing : the snowball protocol
55,comedy|family|children,2025,6.1,uk,7,no,3.4,grow
56,drama|classic|biography|historical|war,1976,8.9,Libya,12,no,3.9,mohammad rasool allah
57,drama,2024,7.1,India,12,no,2.5,i want to talk
58,drama|action|biography,2017,7.6,USA,12,yes,5.8,only the brave
59,drama|crime,2005,7.6,USA,15,yes,7.0,lord of war
60,drama|action|comedy|adventure|fantasy,2023,8.6,USA,14,yes,6.7,one piece live action
61,drama|romance,2025,6.3,Turkey,12,no,4.0,iki dunya bir dilek
62,drama|action|sci-fi|mystery|crime|thriller,2026,6.2,USA,12,yes,6.7,mercy
63,drama|animation|adventure|family|children,2025,6.5,spain,3,no,2.0,heidi : rescue of the lynx
64,drama|comedy|animation|romance|family|children|short,2014,8.1,USA,3,yes,5.3,feast
65,comedy|action|sci-fi|animation|adventure|family|children|short,2025,5.7,USA,7,no,3.0,spidey and iron man : avengers team up
66,crime|thriller,1960,6.5,USA,12,no,2.0,ocean's 11
67,comedy|action|mystery|crime|thriller,2025,6.6,south-korea,15,yes,5.9,good news
68,drama|action|sci-fi|adventure,2025,5.4,south-korea,15,yes,6.0,the great flood
69,action|sci-fi|adventure|thriller,2025,6.7,USA,15,no,3.0,running man
70,comedy|action|animation|fantasy|adventure|romance|family|children,2025,7.8,france,7,yes,5.5,miraculous world : tokyo stellar force
71,drama|biography|historical|sport,2025,6.4,Turkey,12,yes,5.7,lefter : the story of the ordinarius
72,drama,2025,5.7,Turkey,15,no,1.0,abandoned man 
73,drama|romance,2024,4.3,Iran,12,no,1.2,atralood
74,drama|comedy|animation|family|children|short,2019,7.4,USA,7,yes,5.2,hair love
75,drama|romance,2026,7.0,south-korea,12,no,4.8,pavane
76,animation|adventure|comedy|family|fantasy|musical|romance|sci-fi,2011,6.7,france,6,yes,7.3,a monster in paris
77,drama|comedy|animation|adventure|family|children|anime,2024,7.1,japan,7,no,4.5,crayon shinchan the movie
78,drama|comedy|romance|biography|historical|musical,2025,7.3,USA,12,no,3.0,blue moon
79,drama|comedy|sci-fi|short|fantasy,2023,7.1,Netherlands,12,yes,6.8,i'm not a robot
80,drama|comedy|sport,2025,6.9,India,12,no,3.5,sitaare zameen par
81,drama|fantasy|romance,2008,7.8,USA,12,yes,5.9,the curious case of benjamin button
82,drama|comedy|crime|romance|biography|historical|musical,2025,7.2,USA,15,yes,6.2,roofman
83,drama|romance|comedy|musical,1952,8.0,USA,12,yes,6.9,limelight
84,action|sci-fi|thriller,2026,6.4,USA,15,no,0.9,war machine
85,drama|comedy|crime|thriller,2025,7.9,south-korea,15,no,4.8,no other choice
86,comedy|sci-fi|animation|adventure|family,2026,7.5,USA,3,yes,6.5,hoppers
87,drama|action|romance|thriller|war,2016,7.1,USA,15,no,4.9,allied
88,action|adventure|drama|comedy|sci-fi,2025,7.2,Germany,18,no,4.9,good luck have fun don't die
89,comedy|action|animation|adventure|family|children|sport|musical,2026,6.9,USA,7,yes,5.5,goat
90,drama|teen-drama|comedy|coming-of-age|black-comedy|psychological-drama,2007,8.2,uk,18,yes,7.4,skins uk
91,action|comedy|fantasy|animation|adventure,2003,7.2,japan,14,yes,6.5,one piece 4 : dead end adventure
92,action|crime|thriller,2026,8.6,India,16,no,0.8,dhurandur the revenge
93,drama|comedy|family,1921,8.2,USA,12,yes,5.8,the kid
94,comedy|animation|fantasy|adventure|family,2025,5.7,USA,7,yes,5.9,the spongebob movie: search for squarepants
95,comedy|animation|adventure|family|children,2025,6.2,russia,7,yes,6.3,the myth of maracuda
96,drama|comedy|mystery|animation|fantasy|adventure|crime|family|children|horror,2010,8.0,USA,7,yes,7.0,scooby doo
97,action|adventure|fantasy|comedy|drama|coming-of-age,2005,9.3,USA,14,yes,7.9,avatar : the last airbender
98,drama|comedy|animation|fantasy|adventure|family|children,2025,6.6,Germany,3,no,4.9,tafiti across the dessert
99,sci-fi|adventure|comedy,2026,6.8,USA,15,yes,6.4,project hail mary
100,drama|thriller,2025,6.7,USA,15,no,4.9,if i had legs i'd kick you
101,action|fantasy|adventure|animation|anime,2025,9.1,japan,17,no,4.9,demon slayer : infinity castle
102,drama|mystery|crime|thriller,2025,6.1,france,12,no,4.0,a private life
103,animation|fantasy|short|adventure|comedy|family|horror|action|children|sci-fi,2008,7.8,USA,7,yes,7.3,the marvelous misadventures of flapjack
104,action|adventure|sci-fi|superhero,2005,7.2,USA,7,yes,6.5,ben 10
105,crime|action|animation|adventure|comedy|family|mystery,2016,8.3,USA,7,yes,6.0,zootopia
106,action|crime|thriller,2026,6.4,USA,15,no,4.7,shelter
107,drama|thriller,2025,5.9,south-korea,15,no,4.8,wall to wall
108,action|sci-fi|fantasy|adventure|superhero,2025,7.5,USA,12,no,5.0,superman
109,romance|fantasy,2025,5.9,USA,13,yes,6.0,100 nights of hero
110,animation|adventure|fantasy|sci-fi,2025,7.5,france,7,no,5.0,arco
111,comedy|animation|drama,2014,8.8,USA,17,yes,7.2,bojack horseman
334,animation|adventure|fantasy,2016,6.5,USA,3,no,2.0,elf on the run
447,drama,2025,6.0,turkey,12,no,3.2,umami
448,anime|psychological-thriller|action|animation|crime|horror|mystery|thriller,2013,6.8,japan,14,no,4.5,Danganronpa: The Animation
449,adult-animation|anime|animation|drama|horror|mystery,2016,6.8,japan,14,no,3.5,Danganronpa 3: The End of Hope peak academy
451,romance|horror|action|adventure|sci-fi|dark-romance,2025,6.7,usa,14,yes,6.5,the gorge
452,psychological-drama|psychological-thriller|crime|drama|thriller|dark-comedy|drug-crime|tragedy,2008,9.5,usa,18,yes,8.5,breaking bad
